"player","season","team","s_c","pos","gp","g","a","p","x","pim","p_gp","evg","evp","ppg","ppp","shg","shp","otg","gwg","s","s_percent","toi_gp","fow_percent"
"Jonathan Huberdeau",20212022,"FLA","L","L",47,17,47,64,19,28,1.36,13,43,3,19,1,2,0,2,129,13.2,"19:11",33.3
"Leon Draisaitl",20212022,"EDM","L","C",42,32,31,63,6,22,1.5,18,37,13,25,1,1,1,8,149,21.5,"22:53",54.2
"Connor McDavid",20212022,"EDM","L","C",41,23,37,60,7,29,1.46,17,35,6,25,0,0,1,2,157,14.7,"22:40",51.8
"Nazem Kadri",20212022,"COL","L","C",41,19,41,60,20,46,1.46,13,41,6,19,0,0,0,5,141,13.5,"19:13",49.8
"Alex Ovechkin",20212022,"WSH","R","L",46,29,29,58,15,6,1.26,21,44,7,13,1,1,0,3,213,13.6,"21:51",37.5
"Mikko Rantanen",20212022,"COL","L","R",41,24,30,54,24,36,1.32,14,34,10,20,0,0,0,0,143,16.8,"20:46",45.9
"Johnny Gaudreau",20212022,"CGY","L","L",42,18,36,54,30,10,1.29,16,44,2,10,0,0,1,4,149,12.1,"18:40",100
"Auston Matthews",20212022,"TOR","L","C",40,31,22,53,9,10,1.33,20,33,11,20,0,0,1,5,180,17.2,"20:47",56.3
"Kirill Kaprizov",20212022,"MIN","L","L",40,19,34,53,19,16,1.33,16,41,3,12,0,0,1,3,143,13.3,"19:04",40
"Steven Stamkos",20212022,"TBL","R","C",45,20,32,52,12,14,1.16,12,36,8,16,0,0,2,4,127,15.8,"18:40",51.1
"Artemi Panarin",20212022,"NYR","R","L",42,13,39,52,1,14,1.24,9,29,4,23,0,0,1,4,106,12.3,"19:21",0
"Brad Marchand",20212022,"BOS","L","L",38,21,28,49,0,55,1.29,13,25,6,22,2,2,0,3,114,18.4,"19:15",37.5
"Mika Zibanejad",20212022,"NYR","R","C",47,18,31,49,14,10,1.04,8,26,10,20,0,3,0,1,135,13.3,"19:58",52.3
"Joe Pavelski",20212022,"DAL","R","C",43,19,29,48,15,8,1.12,12,34,7,14,0,0,0,1,115,16.5,"17:50",54.6
"Chris Kreider",20212022,"NYR","L","L",47,33,14,47,13,16,1,14,22,17,23,2,2,0,4,147,22.5,"18:59",54
"Timo Meier",20212022,"SJS","L","R",41,21,26,47,14,12,1.15,14,39,7,8,0,0,1,6,168,12.5,"18:57",44.4
"Victor Hedman",20212022,"TBL","L","D",46,10,37,47,15,20,1.02,8,29,2,18,0,0,1,3,115,8.7,"25:19",NA
"Adam Fox",20212022,"NYR","R","D",44,7,40,47,12,14,1.07,6,24,0,21,1,2,0,1,79,8.9,"24:26",NA
"Jake Guentzel",20212022,"PIT","L","L",40,23,23,46,6,26,1.15,18,33,5,13,0,0,1,5,146,15.8,"19:27",61.1
"Kyle Connor",20212022,"WPG","L","L",42,25,20,45,-3,2,1.07,20,30,4,14,1,1,1,4,190,13.2,"21:34",0
"Matthew Tkachuk",20212022,"CGY","L","L",42,20,25,45,24,32,1.07,14,32,6,13,0,0,0,3,142,14.1,"18:03",53.9
"Gabriel Landeskog",20212022,"COL","L","L",36,19,26,45,20,51,1.25,13,32,6,13,0,0,1,3,102,18.6,"20:21",55.4
"Sebastian Aho",20212022,"CAR","L","C",40,19,26,45,14,16,1.13,11,28,8,15,0,2,2,3,117,16.2,"19:00",52.8
"Evgeny Kuznetsov",20212022,"WSH","L","C",44,14,31,45,10,18,1.02,10,27,2,14,2,4,0,3,121,11.6,"21:21",42.6
"Dylan Larkin",20212022,"DET","L","C",42,23,21,44,3,29,1.05,19,37,4,7,0,0,3,4,128,18,"19:03",52.8
"Cale Makar",20212022,"COL","R","D",40,18,26,44,26,6,1.1,14,25,4,19,0,0,2,5,116,15.5,"25:03",NA
"Sam Reinhart",20212022,"FLA","R","C",44,16,28,44,18,6,1,11,30,5,12,0,2,0,3,99,16.2,"17:27",48.8
"J.T. Miller",20212022,"VAN","L","C",44,15,29,44,5,27,1,10,23,5,20,0,1,2,3,107,14,"21:09",53.8
"Roman Josi",20212022,"NSH","L","D",44,13,31,44,7,24,1,6,23,7,21,0,0,0,1,157,8.3,"25:03",NA
"David Pastrnak",20212022,"BOS","R","R",43,22,21,43,2,12,1,11,27,11,16,0,0,0,5,188,11.7,"19:00",46.2
"Nathan MacKinnon",20212022,"COL","R","C",31,9,34,43,5,12,1.39,6,28,3,15,0,0,0,2,137,6.6,"21:08",44.9
"John Tavares",20212022,"TOR","L","C",42,17,25,42,0,16,1,11,28,6,14,0,0,0,1,140,12.1,"18:27",61.3
"Jordan Kyrou",20212022,"STL","R","C",40,17,25,42,6,10,1.05,14,29,3,12,0,1,0,2,105,16.2,"16:18",55.6
"Anze Kopitar",20212022,"LAK","L","C",47,14,28,42,-5,8,0.89,10,28,4,13,0,1,0,2,130,10.8,"21:00",56.5
"Mats Zuccarello",20212022,"MIN","L","R",35,14,28,42,21,6,1.2,11,28,3,14,0,0,0,1,80,17.5,"18:56",48.3
"Jesper Bratt",20212022,"NJD","L","L",43,14,28,42,-2,16,0.98,11,32,3,10,0,0,0,5,117,12,"17:03",0
"Patrick Kane",20212022,"CHI","L","R",42,11,31,42,-16,10,1,7,26,4,16,0,0,0,2,157,7,"21:40",57.1
"Troy Terry",20212022,"ANA","R","R",43,25,16,41,1,14,0.95,18,29,7,12,0,0,2,7,99,25.3,"17:19",0
"Matt Duchene",20212022,"NSH","L","C",42,21,20,41,2,16,0.98,12,26,9,15,0,0,3,5,122,17.2,"18:58",55
"William Nylander",20212022,"TOR","R","R",43,17,24,41,-1,8,0.95,11,23,6,18,0,0,2,4,148,11.5,"18:53",56
"Jason Robertson",20212022,"DAL","L","L",35,17,24,41,16,14,1.17,11,30,6,11,0,0,0,5,94,18.1,"17:18",NA
"Alex Killorn",20212022,"TBL","L","L",46,15,26,41,4,38,0.89,12,33,3,8,0,0,0,1,86,17.4,"19:12",0
"Aaron Ekblad",20212022,"FLA","R","D",46,10,31,41,29,22,0.89,8,23,2,15,0,3,1,1,137,7.3,"25:17",NA
"Kris Letang",20212022,"PIT","R","D",42,5,36,41,16,26,0.98,4,25,1,16,0,0,1,1,115,4.4,"25:45",NA
"Tyler Bertuzzi",20212022,"DET","L","L",39,22,18,40,10,39,1.03,17,30,4,8,1,2,0,5,100,22,"19:51",35.7
"Aleksander Barkov",20212022,"FLA","L","C",34,21,19,40,17,6,1.18,11,26,6,10,4,4,1,3,113,18.6,"20:05",55.6
"Mitchell Marner",20212022,"TOR","R","R",34,16,24,40,12,4,1.18,11,26,3,12,2,2,1,4,95,16.8,"20:50",57.1
"Vladimir Tarasenko",20212022,"STL","L","R",40,15,25,40,-1,22,1,12,25,3,14,0,1,0,4,129,11.6,"17:10",57.1
"Sidney Crosby",20212022,"PIT","L","C",34,12,28,40,8,16,1.18,9,24,3,16,0,0,0,3,95,12.6,"19:38",50.1
"Morgan Rielly",20212022,"TOR","L","D",43,5,35,40,15,16,0.93,4,25,1,14,0,1,0,2,108,4.6,"24:22",NA
"Filip Forsberg",20212022,"NSH","R","L",33,24,14,38,7,10,1.15,20,28,4,10,0,0,1,6,96,25,"18:01",100
"Tomas Hertl",20212022,"SJS","L","C",46,22,16,38,-1,12,0.83,19,31,3,7,0,0,2,4,128,17.2,"19:28",53.6
"Clayton Keller",20212022,"ARI","L","R",45,17,21,38,-6,26,0.84,13,31,3,5,1,2,2,2,127,13.4,"19:56",37.7
"Andrei Svechnikov",20212022,"CAR","L","R",40,16,22,38,10,51,0.95,13,27,3,11,0,0,0,3,132,12.1,"17:11",0
"Chandler Stephenson",20212022,"VGK","L","C",43,12,26,38,3,16,0.88,10,29,1,7,1,2,0,2,63,19.1,"19:33",48.4
"Mikael Granlund",20212022,"NSH","L","C",44,6,32,38,7,17,0.86,5,24,1,14,0,0,0,1,66,9.1,"20:48",47.5
"Roope Hintz",20212022,"DAL","L","C",41,20,17,37,17,14,0.9,13,21,5,14,2,2,1,5,121,16.5,"17:22",51.1
"Carter Verhaeghe",20212022,"FLA","L","C",46,15,22,37,15,28,0.8,15,34,0,3,0,0,1,2,93,16.1,"16:39",80
"Elias Lindholm",20212022,"CGY","R","C",42,15,22,37,29,6,0.88,9,25,5,11,1,1,1,3,119,12.6,"20:20",53.5
"Alex DeBrincat",20212022,"CHI","R","L",46,26,10,36,-14,13,0.78,16,20,10,16,0,0,2,3,141,18.4,"20:24",29
"Cam Atkinson",20212022,"PHI","R","R",45,17,19,36,11,6,0.8,12,28,2,5,3,3,1,4,145,11.7,"18:04",40
"Pavel Buchnevich",20212022,"STL","L","L",38,15,21,36,14,20,0.95,9,21,5,13,1,2,1,3,114,13.2,"18:10",39.3
"Anthony Duclair",20212022,"FLA","L","L",39,19,16,35,24,8,0.9,16,28,3,7,0,0,1,3,85,22.4,"15:14",0
"Claude Giroux",20212022,"PHI","R","C",42,15,20,35,-6,16,0.83,12,24,3,11,0,0,0,0,111,13.5,"18:52",60.7
"Andre Burakovsky",20212022,"COL","L","L",42,14,21,35,9,14,0.83,11,28,3,7,0,0,0,2,81,17.3,"16:15",37.5
"Lucas Raymond",20212022,"DET","R","L",47,11,24,35,-2,6,0.74,8,25,3,10,0,0,1,1,99,11.1,"18:07",42.9
"Tony DeAngelo",20212022,"CAR","R","D",36,8,27,35,13,35,0.97,7,21,1,14,0,0,0,2,79,10.1,"19:42",NA
"Ivan Barbashev",20212022,"STL","L","C",43,15,19,34,4,22,0.79,10,24,4,8,1,2,0,1,71,21.1,"17:00",37.6
"Logan Couture",20212022,"SJS","L","C",42,14,20,34,2,12,0.81,10,24,2,7,2,3,1,2,104,13.5,"18:51",49.7
"Ryan Johansen",20212022,"NSH","R","C",43,13,21,34,0,26,0.79,9,22,4,12,0,0,0,3,68,19.1,"16:35",53.4
"Kevin Fiala",20212022,"MIN","L","L",41,13,21,34,10,24,0.83,11,26,2,8,0,0,0,1,131,9.9,"17:30",27.3
"Drake Batherson",20212022,"OTT","R","R",31,13,21,34,4,18,1.1,11,23,2,11,0,0,0,0,74,17.6,"18:58",53.9
"Patrice Bergeron",20212022,"BOS","R","C",42,12,22,34,9,24,0.81,7,16,5,16,0,2,0,2,158,7.6,"18:27",63
"John Carlson",20212022,"WSH","R","D",43,9,25,34,10,10,0.79,5,23,4,9,0,2,0,1,103,8.7,"23:44",NA
"Ryan Strome",20212022,"NYR","R","C",43,9,25,34,0,51,0.79,7,25,2,9,0,0,0,4,90,10,"18:21",45.7
"Quinn Hughes",20212022,"VAN","L","D",45,2,32,34,10,20,0.76,2,16,0,17,0,1,0,0,88,2.3,"25:13",NA
"Ryan Hartman",20212022,"MIN","R","R",41,18,15,33,32,46,0.8,17,30,1,3,0,0,1,5,132,13.6,"18:40",45.8
"Pierre-Luc Dubois",20212022,"WPG","L","L",42,18,15,33,-1,50,0.79,9,22,9,11,0,0,0,3,115,15.7,"18:49",44.8
"Ryan Nugent-Hopkins",20212022,"EDM","L","C",35,6,27,33,6,6,0.94,5,15,0,15,1,3,0,1,83,7.2,"20:20",39.4
"Jonathan Marchessault",20212022,"VGK","R","C",41,20,12,32,-4,14,0.78,15,21,5,11,0,0,0,3,137,14.6,"17:22",41.4
"Evan Rodrigues",20212022,"PIT","R","C",46,15,17,32,7,0,0.7,9,25,6,7,0,0,0,2,143,10.5,"17:19",48.6
"Bryan Rust",20212022,"PIT","R","R",24,14,18,32,7,8,1.33,7,18,7,14,0,0,0,1,80,17.5,"18:23",20
"Trevor Zegras",20212022,"ANA","L","C",42,12,20,32,-10,30,0.76,9,25,3,7,0,0,1,3,97,12.4,"17:26",41.5
"Teuvo Teravainen",20212022,"CAR","L","L",39,11,21,32,16,16,0.82,3,15,6,15,2,2,0,1,110,10,"17:59",42.1
"Anton Lundell",20212022,"FLA","L","C",43,10,22,32,25,12,0.74,10,27,0,3,0,2,0,2,76,13.2,"16:26",44
"Devon Toews",20212022,"COL","L","D",33,8,24,32,31,8,0.97,6,24,2,8,0,0,1,1,77,10.4,"25:39",NA
"Robert Thomas",20212022,"STL","R","C",37,5,27,32,3,12,0.86,5,24,0,7,0,1,0,1,54,9.3,"19:02",49.1
"Ondrej Palat",20212022,"TBL","L","L",41,15,16,31,9,12,0.76,14,26,1,5,0,0,2,5,83,18.1,"17:35",0
"Tom Wilson",20212022,"WSH","R","R",43,13,18,31,8,58,0.72,9,24,3,5,1,2,1,4,86,15.1,"19:24",50
"Shea Theodore",20212022,"VGK","L","D",42,8,23,31,4,12,0.74,7,21,1,10,0,0,1,1,112,7.1,"23:18",NA
"Alexander Kerfoot",20212022,"TOR","L","C",43,6,25,31,16,8,0.72,6,28,0,1,0,2,0,1,61,9.8,"15:34",37.8
"Sam Bennett",20212022,"FLA","L","C",37,21,9,30,20,41,0.81,16,23,5,6,0,1,1,6,128,16.4,"17:28",47
"Jared McCann",20212022,"SEA","L","L",41,19,11,30,-10,10,0.73,13,20,6,10,0,0,0,1,105,18.1,"16:04",46.9
"Boone Jenner",20212022,"CBJ","L","C",43,18,12,30,-9,18,0.7,12,23,6,7,0,0,0,2,117,15.4,"20:12",54.4
"Brayden Point",20212022,"TBL","R","C",32,16,14,30,2,20,0.94,13,22,3,8,0,0,1,3,96,16.7,"19:55",50.6
"Tage Thompson",20212022,"BUF","R","R",41,14,16,30,-10,13,0.73,10,20,4,10,0,0,0,0,130,10.8,"17:45",40.8
"Reilly Smith",20212022,"VGK","L","R",44,12,18,30,2,6,0.68,7,20,3,7,2,3,0,2,116,10.3,"17:56",33.3
"Brady Tkachuk",20212022,"OTT","L","L",38,12,18,30,5,66,0.79,9,26,3,4,0,0,1,2,133,9,"18:46",54.1
"Vincent Trocheck",20212022,"CAR","R","C",43,11,19,30,10,49,0.7,7,22,4,8,0,0,0,2,73,15.1,"17:54",54.7
"Brent Burns",20212022,"SJS","R","D",46,4,26,30,-5,26,0.65,2,20,2,9,0,1,0,0,124,3.2,"26:13",0
"Liam Foudy",20212022,"CBJ","L","C",1,0,0,0,-1,0,0,0,0,0,0,0,0,0,0,1,0,"11:51",NA
"Cameron Hillis",20212022,"MTL","R","C",1,0,0,0,0,0,0,0,0,0,0,0,0,0,0,2,0,"10:15",50
"Kevin Bahl",20212022,"NJD","L","D",4,0,0,0,-3,2,0,0,0,0,0,0,0,0,0,4,0,"13:35",NA
"Jan Jenik",20212022,"ARI","L","R",3,0,0,0,-1,7,0,0,0,0,0,0,0,0,0,2,0,"6:42",22.2
"Jordan Gross",20212022,"COL","R","D",1,0,0,0,0,4,0,0,0,0,0,0,0,0,0,0,NA,"8:19",NA
"Declan Chisholm",20212022,"WPG","L","D",2,0,0,0,1,0,0,0,0,0,0,0,0,0,0,4,0,"12:57",NA
"David Gustafsson",20212022,"WPG","L","C",2,0,0,0,0,0,0,0,0,0,0,0,0,0,0,0,NA,"2:28",0
"John Leonard",20212022,"SJS","L","L",5,0,0,0,-1,0,0,0,0,0,0,0,0,0,0,9,0,"10:37",NA
"Egor Sokolov",20212022,"OTT","R","L",8,0,0,0,-6,4,0,0,0,0,0,0,0,0,0,8,0,"10:22",NA
"Jake Christiansen",20212022,"CBJ","L","D",3,0,0,0,0,0,0,0,0,0,0,0,0,0,0,1,0,"10:29",NA
"Egor Zamula",20212022,"PHI","L","D",1,0,0,0,0,0,0,0,0,0,0,0,0,0,0,0,NA,"19:46",NA
"Samuel Fagemo",20212022,"LAK","R","L",4,0,0,0,-2,0,0,0,0,0,0,0,0,0,0,5,0,"13:43",NA
"Taro Hirose",20212022,"DET","L","L",1,0,0,0,0,2,0,0,0,0,0,0,0,0,0,0,NA,"13:36",100
"Jon Lizotte",20212022,"MIN","L","D",1,0,0,0,0,2,0,0,0,0,0,0,0,0,0,1,0,"14:43",NA
"Nolan Foote",20212022,"NJD","L","L",2,0,0,0,0,0,0,0,0,0,0,0,0,0,0,1,0,"7:32",NA
"Kaedan Korczak",20212022,"VGK","R","D",1,0,0,0,1,0,0,0,0,0,0,0,0,0,0,0,NA,"16:37",NA
"Brayden Tracey",20212022,"ANA","L","L",1,0,0,0,-1,0,0,0,0,0,0,0,0,0,0,1,0,"9:21",NA
"Alex Turcotte",20212022,"LAK","L","C",8,0,0,0,0,2,0,0,0,0,0,0,0,0,0,13,0,"11:15",41.4
"Artemi Kniazev",20212022,"SJS","L","D",1,0,0,0,-2,0,0,0,0,0,0,0,0,0,0,2,0,"11:59",NA
"Ville Heinola",20212022,"WPG","L","D",4,0,0,0,-4,6,0,0,0,0,0,0,0,0,0,7,0,"13:45",NA
"Thomas Harley",20212022,"DAL","L","D",8,0,0,0,0,2,0,0,0,0,0,0,0,0,0,9,0,"13:05",NA
"Victor Soderstrom",20212022,"ARI","R","D",13,0,0,0,-6,4,0,0,0,0,0,0,0,0,0,10,0,"16:18",NA
"Pavel Dorofeyev",20212022,"VGK","L","L",1,0,0,0,0,0,0,0,0,0,0,0,0,0,0,0,NA,"4:07",NA
"Vladislav Kolyachonok",20212022,"ARI","L","D",4,0,0,0,-1,0,0,0,0,0,0,0,0,0,0,3,0,"14:29",NA
"Cole Schwindt",20212022,"FLA","R","C",1,0,0,0,-2,0,0,0,0,0,0,0,0,0,0,0,NA,"9:27",40
"Tyce Thompson",20212022,"NJD","R","R",2,0,0,0,0,0,0,0,0,0,0,0,0,0,0,3,0,"14:25",100
"Bryce Kindopp",20212022,"ANA","R","R",1,0,0,0,0,0,0,0,0,0,0,0,0,0,0,2,0,"6:06",0
"Ben McCartney",20212022,"ARI","L","L",2,0,0,0,0,4,0,0,0,0,0,0,0,0,0,2,0,"14:03",0
"Cole Smith",20212022,"NSH","L","L",6,0,0,0,-3,0,0,0,0,0,0,0,0,0,0,3,0,"8:57",0
"Jack Ahcan",20212022,"BOS","L","D",2,0,0,0,0,0,0,0,0,0,0,0,0,0,0,2,0,"14:19",NA
"Marco Rossi",20212022,"MIN","L","C",2,0,0,0,-1,4,0,0,0,0,0,0,0,0,0,5,0,"15:35",31.8
"Justin Barron",20212022,"COL","R","D",2,0,0,0,-1,0,0,0,0,0,0,0,0,0,0,0,NA,"12:35",NA
"Lukas Reichel",20212022,"CHI","L","L",2,0,0,0,0,0,0,0,0,0,0,0,0,0,0,5,0,"15:23",35.7
"Jacob Perreault",20212022,"ANA","R","R",1,0,0,0,-1,0,0,0,0,0,0,0,0,0,0,0,NA,"11:05",NA
"JJ Peterka",20212022,"BUF","L","R",2,0,0,0,0,0,0,0,0,0,0,0,0,0,0,3,0,"16:08",NA
"Isaak Phillips",20212022,"CHI","L","D",3,0,0,0,-1,4,0,0,0,0,0,0,0,0,0,2,0,"10:51",NA
"Adam Raska",20212022,"SJS","R","R",5,0,0,0,1,7,0,0,0,0,0,0,0,0,0,2,0,"8:03",NA
"Linus Sandin",20212022,"PHI","R","R",1,0,0,0,0,0,0,0,0,0,0,0,0,0,0,1,0,"6:59",NA
"Walker Duehr",20212022,"CGY","R","R",1,0,0,0,0,0,0,0,0,0,0,0,0,0,0,0,NA,"8:47",NA
"Kirill Semyonov",20212022,"TOR","L","C",3,0,0,0,-2,0,0,0,0,0,0,0,0,0,0,1,0,"10:02",50
"Jesper Froden",20212022,"BOS","R","R",1,0,0,0,0,0,0,0,0,0,0,0,0,0,0,2,0,"12:59",NA
"Viktor Arvidsson",20212022,"LAK","R","L",40,13,16,29,5,20,0.73,9,22,4,7,0,0,0,1,149,8.7,"17:24",50
"Michael Bunting",20212022,"TOR","L","L",43,13,16,29,11,28,0.67,11,26,2,3,0,0,0,1,92,14.1,"15:16",42.9
"Ryan O'Reilly",20212022,"STL","L","C",40,10,19,29,-2,2,0.73,5,21,5,8,0,0,0,0,95,10.5,"19:35",56.4
"Taylor Hall",20212022,"BOS","L","L",43,10,19,29,-3,20,0.67,6,21,4,8,0,0,1,1,104,9.6,"16:03",53.9
"Mark Scheifele",20212022,"WPG","R","C",36,10,19,29,-12,4,0.81,7,19,3,10,0,0,1,1,89,11.2,"21:20",49.9
"Phil Kessel",20212022,"ARI","R","R",45,5,24,29,-13,16,0.64,3,20,2,9,0,0,0,0,94,5.3,"17:23",40
"Moritz Seider",20212022,"DET","R","D",47,4,25,29,-5,26,0.62,3,15,1,12,0,2,2,2,94,4.3,"22:39",NA
"Seth Jones",20212022,"CHI","R","D",42,3,26,29,-18,22,0.69,3,17,0,11,0,1,0,0,113,2.7,"26:12",NA
"Adrian Kempe",20212022,"LAK","L","C",44,19,9,28,-1,28,0.64,15,20,2,6,2,2,1,5,127,15,"18:13",53.1
"Jeff Skinner",20212022,"BUF","L","L",43,16,12,28,-9,14,0.65,13,22,3,6,0,0,0,2,133,12,"17:04",43.3
"Alex Iafallo",20212022,"LAK","L","L",45,14,14,28,6,4,0.62,11,21,2,5,1,2,1,2,129,10.9,"18:44",50
"Anthony Cirelli",20212022,"TBL","L","C",41,13,15,28,13,35,0.68,10,23,3,5,0,0,0,3,83,15.7,"19:44",46.8
"Oliver Bjorkstrand",20212022,"CBJ","R","R",41,12,16,28,-25,6,0.68,8,18,4,10,0,0,0,1,103,11.7,"18:26",41.2
"Andrew Copp",20212022,"WPG","L","C",42,12,16,28,2,8,0.67,9,21,2,5,1,2,0,2,116,10.3,"20:46",53.6
"Mathew Barzal",20212022,"NYI","R","C",36,10,18,28,-7,12,0.78,9,20,1,8,0,0,0,1,90,11.1,"18:37",47.5
"Mark Stone",20212022,"VGK","R","R",27,8,20,28,7,8,1.04,6,23,2,4,0,1,0,2,51,15.7,"18:14",48.2
"Shayne Gostisbehere",20212022,"ARI","L","D",45,8,20,28,-9,16,0.62,7,20,1,8,0,0,0,0,88,9.1,"22:09",NA
"Charlie McAvoy",20212022,"BOS","R","D",40,7,21,28,4,33,0.7,3,13,4,15,0,0,0,3,84,8.3,"24:24",NA
"Rasmus Dahlin",20212022,"BUF","L","D",44,7,21,28,-14,38,0.64,5,17,2,11,0,0,0,1,100,7,"23:46",NA
"Jakub Voracek",20212022,"CBJ","L","R",41,1,27,28,-5,14,0.68,0,17,1,11,0,0,0,0,80,1.3,"16:49",14.3
"Andrew Mangiapane",20212022,"CGY","L","L",42,20,7,27,7,20,0.64,13,19,6,7,1,1,0,4,102,19.6,"15:52",45.7
"Marcus Foligno",20212022,"MIN","L","L",39,17,10,27,21,75,0.69,13,22,4,5,0,0,1,3,58,29.3,"16:46",54.6
"Tanner Jeannot",20212022,"NSH","L","L",46,14,13,27,8,80,0.59,13,25,1,2,0,0,1,3,71,19.7,"15:36",40
"Jack Hughes",20212022,"NJD","L","C",28,12,15,27,-12,0,0.96,10,20,2,7,0,0,2,2,89,13.5,"18:58",30
"Nick Suzuki",20212022,"MTL","R","C",44,9,18,27,-19,18,0.61,4,15,4,10,1,2,0,2,97,9.3,"19:57",47
"MacKenzie Weegar",20212022,"FLA","R","D",47,4,23,27,23,49,0.57,3,24,0,1,1,2,0,1,114,3.5,"23:35",NA
"Miro Heiskanen",20212022,"DAL","L","D",42,4,23,27,0,18,0.64,2,19,2,8,0,0,1,1,92,4.4,"24:40",NA
"Ryan Getzlaf",20212022,"ANA","R","C",40,3,24,27,-7,21,0.68,1,19,2,8,0,0,0,1,80,3.8,"18:53",54
"Josh Norris",20212022,"OTT","L","C",36,18,8,26,-2,10,0.72,11,18,7,8,0,0,0,4,92,19.6,"18:34",50.5
"Zach Hyman",20212022,"EDM","R","L",36,13,13,26,-5,16,0.72,9,18,3,5,1,3,0,1,93,14,"18:48",57.5
"Jeff Carter",20212022,"PIT","R","C",40,12,14,26,-3,24,0.65,11,22,1,4,0,0,1,1,120,10,"18:26",57.4
"Jordan Eberle",20212022,"SEA","R","R",44,12,14,26,-16,6,0.59,9,19,3,7,0,0,0,1,96,12.5,"18:17",33.3
"Erik Karlsson",20212022,"SJS","R","D",33,8,18,26,-4,14,0.79,8,18,0,8,0,0,1,2,83,9.6,"23:06",NA
"Kevin Shattenkirk",20212022,"ANA","R","D",48,7,19,26,1,18,0.54,6,14,1,12,0,0,0,1,90,7.8,"20:23",NA
"Alex Pietrangelo",20212022,"VGK","R","D",44,6,20,26,1,32,0.59,3,15,2,9,1,2,0,0,120,5,"25:35",NA
"Samuel Girard",20212022,"COL","L","D",42,5,21,26,2,18,0.62,5,19,0,7,0,0,0,1,58,8.6,"21:51",NA
"Brandon Saad",20212022,"STL","L","L",40,15,10,25,2,6,0.63,9,16,5,7,1,2,0,0,89,16.9,"16:29",40
"Nikolaj Ehlers",20212022,"WPG","L","L",34,13,12,25,8,14,0.74,13,22,0,3,0,0,0,1,134,9.7,"18:35",50
"Gustav Nyquist",20212022,"CBJ","L","C",43,12,13,25,-7,14,0.58,7,20,1,1,4,4,0,0,47,25.5,"16:38",35.7
"Phillip Danault",20212022,"LAK","L","C",45,12,13,25,15,30,0.56,12,24,0,1,0,0,0,3,105,11.4,"17:55",54.7
"Andreas Johnsson",20212022,"NJD","L","L",44,11,14,25,-2,22,0.57,10,24,1,1,0,0,0,0,80,13.8,"14:42",25
"Jesse Puljujarvi",20212022,"EDM","R","R",40,10,15,25,7,16,0.63,7,19,3,6,0,0,0,1,102,9.8,"17:10",NA
"Tyler Toffoli",20212022,"MTL","R","R",33,9,16,25,-4,4,0.76,4,17,4,7,1,1,0,0,88,10.2,"17:26",41.7
"Sonny Milano",20212022,"ANA","L","L",35,9,16,25,-4,2,0.71,5,17,4,8,0,0,0,2,58,15.5,"14:47",0
"Nico Hischier",20212022,"NJD","L","C",40,9,16,25,-8,15,0.63,6,17,3,7,0,1,1,1,83,10.8,"18:53",54.7
"Travis Konecny",20212022,"PHI","R","R",43,8,17,25,-10,36,0.58,6,18,2,7,0,0,0,1,116,6.9,"17:19",50
"Trevor Moore",20212022,"LAK","L","C",47,7,18,25,14,4,0.53,5,22,1,2,1,1,0,1,99,7.1,"14:24",47.6
"Torey Krug",20212022,"STL","L","D",39,6,19,25,18,32,0.64,3,12,2,12,1,1,0,1,72,8.3,"20:51",NA
"Zach Werenski",20212022,"CBJ","L","D",41,6,19,25,-12,12,0.61,3,16,3,8,0,1,0,1,127,4.7,"26:04",NA
"Alex Goligoski",20212022,"MIN","L","D",36,2,23,25,26,26,0.69,2,22,0,3,0,0,0,0,42,4.8,"19:41",NA
"Brock Boeser",20212022,"VAN","R","R",40,12,12,24,-5,10,0.6,7,14,5,9,0,1,0,4,115,10.4,"19:04",45.8
"Brandon Hagel",20212022,"CHI","L","L",40,12,12,24,-10,13,0.6,10,20,2,4,0,0,0,2,70,17.1,"17:03",47.6
"Elias Pettersson",20212022,"VAN","L","C",46,11,13,24,-2,8,0.52,6,12,4,11,1,1,0,1,92,12,"18:19",41.9
"Conor Garland",20212022,"VAN","R","R",41,10,14,24,8,28,0.59,9,22,1,2,0,0,0,3,116,8.6,"16:19",42.9
"Kasperi Kapanen",20212022,"PIT","R","R",45,9,15,24,4,8,0.53,9,20,0,4,0,0,0,2,86,10.5,"16:01",20
"Evan Bouchard",20212022,"EDM","R","D",42,9,15,24,4,20,0.57,7,19,2,4,0,1,0,0,102,8.8,"21:38",NA
"Kyle Okposo",20212022,"BUF","R","R",40,8,16,24,-10,27,0.6,3,15,4,8,1,1,0,1,98,8.2,"16:49",52.3
"Jacob Trouba",20212022,"NYR","R","D",47,8,16,24,8,65,0.51,7,20,1,3,0,1,0,1,127,6.3,"22:43",NA
"Drew Doughty",20212022,"LAK","R","D",28,5,19,24,8,16,0.86,2,15,3,9,0,0,0,0,74,6.8,"25:37",NA
"Thomas Chabot",20212022,"OTT","L","D",41,3,21,24,4,16,0.59,3,16,0,8,0,0,0,0,111,2.7,"27:03",NA
"Tyler Seguin",20212022,"DAL","R","C",43,14,9,23,-9,20,0.53,11,16,3,7,0,0,0,1,111,12.6,"17:28",56.7
"Bo Horvat",20212022,"VAN","L","C",41,13,10,23,-3,22,0.56,8,15,5,8,0,0,0,2,116,11.2,"20:09",55.7
"Joel Eriksson Ek",20212022,"MIN","L","C",36,13,10,23,13,16,0.64,5,15,8,8,0,0,1,1,111,11.7,"18:39",49.3
"Corey Perry",20212022,"TBL","R","R",46,12,11,23,4,43,0.5,9,19,3,4,0,0,0,2,91,13.2,"14:14",0
"Max Pacioretty",20212022,"VGK","L","L",19,12,11,23,7,23,1.21,9,16,3,7,0,0,0,3,81,14.8,"17:55",33.3
"Valeri Nichushkin",20212022,"COL","L","R",28,12,11,23,15,8,0.82,8,19,2,2,2,2,0,1,75,16,"18:14",0
"Yanni Gourde",20212022,"SEA","L","C",38,10,13,23,-10,22,0.61,8,18,2,4,0,1,0,0,65,15.4,"18:52",50.4
"Dawson Mercer",20212022,"NJD","R","C",46,9,14,23,-7,16,0.5,7,20,1,2,1,1,0,0,79,11.4,"15:56",34.8
"Mason Marchment",20212022,"FLA","L","L",22,8,15,23,21,17,1.05,8,23,0,0,0,0,0,0,46,17.4,"13:03",18.2
"Martin Necas",20212022,"CAR","R","C",39,8,15,23,4,12,0.59,7,20,1,3,0,0,1,4,79,10.1,"16:46",47.6
"Cam Fowler",20212022,"ANA","L","D",44,6,17,23,-1,10,0.52,1,10,5,13,0,0,0,0,72,8.3,"23:58",NA
"Alexander Barabanov",20212022,"SJS","L","L",38,6,17,23,0,4,0.61,5,19,1,4,0,0,1,1,50,12,"17:06",0
"Filip Hronek",20212022,"DET","R","D",45,4,19,23,-14,28,0.51,2,18,2,5,0,0,0,0,82,4.9,"22:27",NA
"Jaccob Slavin",20212022,"CAR","L","D",41,2,21,23,11,8,0.56,1,16,1,6,0,1,0,0,81,2.5,"23:51",NA
"John Klingberg",20212022,"DAL","R","D",37,1,22,23,-16,12,0.62,0,11,1,12,0,0,1,1,59,1.7,"21:32",NA
"Brock Nelson",20212022,"NYI","L","C",30,14,8,22,-4,23,0.73,11,16,3,6,0,0,0,1,68,20.6,"17:16",49.9
"Nino Niederreiter",20212022,"CAR","L","R",37,14,8,22,12,8,0.59,11,18,3,4,0,0,0,4,70,20,"14:27",35.7
"Vladislav Namestnikov",20212022,"DET","L","C",47,12,10,22,-1,25,0.47,11,21,0,0,1,1,0,0,64,18.8,"15:12",50
"Robby Fabbri",20212022,"DET","L","C",45,12,10,22,-17,27,0.49,8,16,4,6,0,0,0,0,106,11.3,"17:25",49
"Nicolas Roy",20212022,"VGK","R","C",42,8,14,22,8,39,0.52,7,18,1,4,0,0,0,1,83,9.6,"16:34",47.3
"Dmitry Orlov",20212022,"WSH","L","D",43,7,15,22,17,34,0.51,5,20,2,2,0,0,1,4,67,10.5,"21:01",NA
"Damon Severson",20212022,"NJD","R","D",44,6,16,22,-16,34,0.5,4,12,2,9,0,1,0,0,97,6.2,"23:33",NA
"Mikhail Sergachev",20212022,"TBL","L","D",42,2,20,22,5,20,0.52,2,17,0,4,0,1,0,0,66,3,"22:39",NA
"Conor Sheary",20212022,"WSH","L","L",37,11,10,21,1,4,0.57,10,18,1,3,0,0,0,3,69,15.9,"15:45",30.8
"Lawson Crouse",20212022,"ARI","L","L",44,11,10,21,-6,34,0.48,11,18,0,3,0,0,0,2,100,11,"17:44",32.4
"Dylan Cozens",20212022,"BUF","R","C",42,11,10,21,-12,17,0.5,10,17,1,4,0,0,0,1,78,14.1,"16:01",43.1
"Evgenii Dadonov",20212022,"VGK","L","R",44,10,11,21,3,12,0.48,8,17,2,4,0,0,1,2,114,8.8,"16:06",0
"Brayden Schenn",20212022,"STL","L","C",28,10,11,21,11,20,0.75,5,14,5,7,0,0,0,2,46,21.7,"17:12",49.8
"Patrik Laine",20212022,"CBJ","R","L",24,10,11,21,0,12,0.88,10,16,0,5,0,0,2,3,63,15.9,"17:59",20
"David Perron",20212022,"STL","R","L",31,8,13,21,-2,22,0.68,5,11,3,10,0,0,0,1,74,10.8,"16:52",33.3
"Lars Eller",20212022,"WSH","L","C",40,8,13,21,3,18,0.53,8,19,0,2,0,0,0,0,64,12.5,"17:15",48.5
"Tim Stützle",20212022,"OTT","L","L",40,8,13,21,-14,23,0.53,6,12,2,9,0,0,1,3,92,8.7,"17:59",30.9
"Connor Brown",20212022,"OTT","R","R",27,6,15,21,-5,4,0.78,6,14,0,5,0,2,0,0,47,12.8,"19:57",46.5
"Victor Olofsson",20212022,"BUF","L","L",36,5,16,21,-15,6,0.58,4,17,1,4,0,0,0,0,72,6.9,"16:04",NA
"Oliver Kylington",20212022,"CGY","L","D",41,5,16,21,20,8,0.51,5,19,0,2,0,0,0,1,86,5.8,"18:38",NA
"Alex Wennberg",20212022,"SEA","L","C",46,4,17,21,-12,14,0.46,4,17,0,4,0,0,0,1,63,6.4,"18:31",47.6
"Gustav Forsling",20212022,"FLA","L","D",38,2,19,21,24,12,0.55,2,21,0,0,0,0,0,0,69,2.9,"21:21",NA
"Rasmus Andersson",20212022,"CGY","R","D",42,1,20,21,10,14,0.5,0,11,1,9,0,1,0,0,78,1.3,"22:28",NA
"Paul Stastny",20212022,"WPG","L","C",31,11,9,20,5,10,0.65,9,16,2,4,0,0,0,2,49,22.5,"17:02",53.8
"Jamie Benn",20212022,"DAL","L","L",43,11,9,20,-4,47,0.47,9,14,2,6,0,0,1,1,102,10.8,"17:19",55
"Jonathan Dahlen",20212022,"SJS","L","C",41,11,9,20,-11,6,0.49,8,14,3,6,0,0,0,2,85,12.9,"14:58",NA
"Alexandre Texier",20212022,"CBJ","L","C",36,11,9,20,0,12,0.56,10,18,0,0,1,2,0,0,59,18.6,"14:36",35.1
"Charlie Coyle",20212022,"BOS","R","C",43,10,10,20,-5,14,0.47,8,15,2,5,0,0,1,3,70,14.3,"17:26",46.9
"Travis Boyd",20212022,"ARI","R","C",37,10,10,20,-8,20,0.54,9,17,1,3,0,0,0,0,46,21.7,"15:58",46.1
"Rickard Rakell",20212022,"ANA","R","L",38,10,10,20,0,4,0.53,8,15,2,5,0,0,0,0,103,9.7,"18:36",50
"Barclay Goodrow",20212022,"NYR","L","C",44,10,10,20,8,31,0.45,9,18,0,0,1,2,0,2,62,16.1,"16:52",50
"Pius Suter",20212022,"DET","L","C",47,10,10,20,-10,10,0.43,9,16,0,3,1,1,0,1,102,9.8,"16:56",50.6
"Ross Colton",20212022,"TBL","L","C",43,9,11,20,1,16,0.47,9,17,0,3,0,0,0,1,87,10.3,"13:18",50.7
"Alex Formenton",20212022,"OTT","L","L",38,9,11,20,-1,23,0.53,7,18,0,0,2,2,0,1,78,11.5,"14:28",33.3
"Isac Lundestrom",20212022,"ANA","L","C",48,9,11,20,5,4,0.42,6,17,0,0,3,3,0,2,57,15.8,"16:07",45.1
"Jesperi Kotkaniemi",20212022,"CAR","L","C",42,9,11,20,2,14,0.48,9,17,0,3,0,0,0,3,54,16.7,"12:19",52.7
"Dougie Hamilton",20212022,"NJD","R","D",30,7,13,20,-9,22,0.67,5,13,2,7,0,0,0,0,108,6.5,"21:25",NA
"Dustin Brown",20212022,"LAK","R","R",44,6,14,20,-4,14,0.45,5,19,1,1,0,0,0,0,117,5.1,"15:37",25
"Jaden Schwartz",20212022,"SEA","L","C",29,6,14,20,-12,10,0.69,5,17,1,3,0,0,0,0,70,8.6,"18:28",46.2
"Jonathan Drouin",20212022,"MTL","L","L",32,6,14,20,-9,23,0.63,6,16,0,4,0,0,0,0,60,10,"17:17",47.6
"Colton Sissons",20212022,"NSH","R","C",43,5,15,20,2,10,0.47,4,17,1,3,0,0,0,0,43,11.6,"16:02",53.8
"Matt Dumba",20212022,"MIN","R","D",39,4,16,20,9,34,0.51,4,16,0,4,0,0,0,1,86,4.7,"23:39",NA
"Josh Bailey",20212022,"NYI","L","R",34,3,17,20,-4,4,0.59,2,16,1,4,0,0,0,1,32,9.4,"17:37",36.7
"Blake Wheeler",20212022,"WPG","R","R",28,2,18,20,-4,18,0.71,1,14,1,6,0,0,0,0,69,2.9,"19:17",20
"Nate Schmidt",20212022,"WPG","L","D",41,2,18,20,-3,10,0.49,1,9,1,11,0,0,0,1,72,2.8,"21:32",NA
"Pavel Zacha",20212022,"NJD","L","C",43,11,8,19,-18,14,0.44,9,14,2,5,0,0,1,1,98,11.2,"17:12",48.2
"Max Domi",20212022,"CBJ","L","C",33,8,11,19,-3,22,0.58,8,18,0,1,0,0,0,0,57,14,"13:13",47.1
"Tanner Pearson",20212022,"VAN","L","L",42,7,12,19,3,30,0.45,6,16,1,3,0,0,0,1,109,6.4,"16:32",40
"Artturi Lehkonen",20212022,"MTL","L","L",41,7,12,19,-4,12,0.46,5,17,1,1,1,1,0,0,77,9.1,"14:29",28.6
"Sean Monahan",20212022,"CGY","L","C",42,7,12,19,-13,14,0.45,3,7,4,12,0,0,0,2,76,9.2,"14:42",52.3
"Justin Faulk",20212022,"STL","R","D",38,6,13,19,25,25,0.5,5,16,1,3,0,0,0,3,80,7.5,"22:45",NA
"Denis Gurianov",20212022,"DAL","L","R",39,6,13,19,1,12,0.49,3,13,3,6,0,0,1,1,88,6.8,"14:21",NA
"Hampus Lindholm",20212022,"ANA","L","D",46,5,14,19,6,32,0.41,4,15,1,3,0,1,0,1,91,5.5,"22:48",NA
"Jonathan Toews",20212022,"CHI","L","C",43,4,15,19,-11,20,0.44,3,15,1,4,0,0,0,1,73,5.5,"17:52",58.6
"Darnell Nurse",20212022,"EDM","L","D",35,4,15,19,3,26,0.54,3,13,0,5,1,1,0,0,125,3.2,"26:32",NA
"Brandon Montour",20212022,"FLA","R","D",46,4,15,19,5,34,0.41,3,13,1,6,0,0,0,0,89,4.5,"17:27",NA
"Jamie Drysdale",20212022,"ANA","R","D",48,3,16,19,-10,12,0.4,3,13,0,6,0,0,1,1,73,4.1,"19:51",NA
"James van Riemsdyk",20212022,"PHI","L","L",45,11,7,18,-21,16,0.4,5,12,6,6,0,0,0,4,99,11.1,"16:23",20
"Joel Farabee",20212022,"PHI","L","L",33,11,7,18,1,17,0.55,9,16,1,1,1,1,0,0,58,19,"17:12",22.2
"Blake Coleman",20212022,"CGY","L","C",41,10,8,18,5,33,0.44,10,17,0,0,0,1,0,1,128,7.8,"15:21",13.3
"Luke Kunin",20212022,"NSH","R","C",46,10,8,18,3,21,0.39,10,16,0,2,0,0,0,0,80,12.5,"15:11",41.4
"Oliver Wahlstrom",20212022,"NYI","R","R",36,10,8,18,1,37,0.5,5,10,5,8,0,0,0,2,97,10.3,"13:21",44.4
"Danton Heinen",20212022,"PIT","L","L",40,9,9,18,6,10,0.45,7,16,2,2,0,0,0,1,68,13.2,"13:18",0
"Seth Jarvis",20212022,"CAR","R","C",34,8,10,18,6,8,0.53,7,15,1,3,0,0,0,2,55,14.6,"14:07",42.9
"Patric Hornqvist",20212022,"FLA","R","R",37,7,11,18,2,11,0.49,5,13,2,5,0,0,0,0,97,7.2,"13:17",46.2
"Scott Laughton",20212022,"PHI","L","C",42,7,11,18,-7,18,0.43,5,16,0,0,2,2,1,1,68,10.3,"16:17",49.6
"Dylan Strome",20212022,"CHI","L","C",33,7,11,18,-7,18,0.55,4,11,3,7,0,0,0,1,57,12.3,"14:56",56
"Jack Roslovic",20212022,"CBJ","R","C",42,7,11,18,-7,2,0.43,7,18,0,0,0,0,0,1,58,12.1,"12:16",44.2
"Mike Matheson",20212022,"PIT","L","D",43,6,12,18,5,12,0.42,6,17,0,1,0,0,0,5,73,8.2,"18:21",NA
"Tyler Ennis",20212022,"OTT","L","R",36,5,13,18,-4,12,0.5,4,14,1,4,0,0,0,1,60,8.3,"12:44",83.3
"Colton Parayko",20212022,"STL","R","D",42,5,13,18,-16,12,0.43,5,17,0,1,0,0,0,1,71,7,"23:59",NA
"Vince Dunn",20212022,"SEA","L","D",41,5,13,18,-16,34,0.44,4,13,1,5,0,0,0,0,66,7.6,"20:01",NA
"Mark Giordano",20212022,"SEA","L","D",40,4,14,18,-10,33,0.45,4,11,0,7,0,0,0,0,80,5,"21:31",NA
"Noah Hanifin",20212022,"CGY","L","D",41,4,14,18,9,11,0.44,4,12,0,6,0,0,0,0,84,4.8,"21:00",NA
"Jonas Brodin",20212022,"MIN","L","D",32,3,15,18,6,8,0.56,3,12,0,5,0,1,0,0,61,4.9,"23:39",NA
"Vladislav Gavrikov",20212022,"CBJ","L","D",41,2,16,18,3,22,0.44,2,18,0,0,0,0,0,1,42,4.8,"21:24",NA
"Neal Pionk",20212022,"WPG","R","D",39,2,16,18,2,22,0.46,1,11,1,7,0,0,0,1,82,2.4,"22:35",NA
"Dominik Kubalik",20212022,"CHI","L","L",46,10,7,17,-15,10,0.37,7,11,3,6,0,0,0,0,103,9.7,"15:09",50
"Tomas Tatar",20212022,"NJD","L","L",43,8,9,17,-12,14,0.4,6,13,2,4,0,0,0,0,75,10.7,"14:53",31.8
"Teddy Blueger",20212022,"PIT","L","C",40,8,9,17,7,6,0.43,7,16,0,0,1,1,0,0,63,12.7,"15:40",54.8
"Vinnie Hinostroza",20212022,"BUF","R","C",36,8,9,17,-4,8,0.47,7,16,1,1,0,0,0,0,54,14.8,"14:08",41.2
"Ondrej Kase",20212022,"TOR","R","R",35,8,9,17,5,14,0.49,7,13,1,4,0,0,0,0,93,8.6,"14:31",16.7
"Yegor Sharangovich",20212022,"NJD","L","C",40,8,9,17,-8,6,0.43,8,16,0,1,0,0,0,2,80,10,"15:15",43.7
"Mattias Janmark",20212022,"VGK","L","C",41,7,10,17,2,6,0.41,6,15,0,0,1,2,0,1,51,13.7,"14:13",41.2
"Pierre Engvall",20212022,"TOR","L","L",40,7,10,17,2,12,0.43,6,14,1,3,0,0,0,1,83,8.4,"12:43",41.7
"Adam Henrique",20212022,"ANA","L","C",27,6,11,17,5,4,0.63,4,12,2,5,0,0,0,0,72,8.3,"16:48",56.7
"Sean Couturier",20212022,"PHI","L","C",29,6,11,17,-6,14,0.59,4,11,2,5,0,1,0,2,79,7.6,"20:23",55.6
"Brady Skjei",20212022,"CAR","L","D",43,6,11,17,15,26,0.4,6,17,0,0,0,0,0,0,90,6.7,"20:40",NA
"Eric Robinson",20212022,"CBJ","L","L",42,6,11,17,0,10,0.4,5,16,0,0,1,1,0,0,58,10.3,"13:56",50
"Noah Dobson",20212022,"NYI","R","D",37,6,11,17,2,8,0.46,5,11,1,6,0,0,1,1,91,6.6,"21:10",NA
"Logan O'Connor",20212022,"COL","R","R",44,6,11,17,9,23,0.39,5,13,0,0,1,4,0,1,87,6.9,"15:20",13.3
"Nikita Kucherov",20212022,"TBL","L","R",11,5,12,17,-1,6,1.55,2,9,3,8,0,0,0,0,44,11.4,"19:58",NA
"Ivan Provorov",20212022,"PHI","L","D",42,5,12,17,-6,18,0.4,4,11,1,4,0,2,1,1,77,6.5,"25:00",NA
"Ryan Suter",20212022,"DAL","L","D",43,4,13,17,3,20,0.4,2,9,2,8,0,0,0,0,65,6.2,"23:05",NA
"Tyson Barrie",20212022,"EDM","R","D",36,3,14,17,-6,12,0.47,1,8,2,9,0,0,0,0,76,4,"19:35",NA
"Ryan Graves",20212022,"NJD","L","D",41,3,14,17,-6,18,0.41,3,17,0,0,0,0,0,0,69,4.4,"21:07",NA
"Ryan McDonagh",20212022,"TBL","L","D",43,2,15,17,11,8,0.4,2,16,0,1,0,0,0,0,50,4,"23:03",0
"Alexandre Carrier",20212022,"NSH","R","D",43,2,15,17,13,30,0.4,2,14,0,3,0,0,0,0,53,3.8,"20:51",0
"John Marino",20212022,"PIT","R","D",46,1,16,17,-2,15,0.37,1,14,0,2,0,1,0,0,49,2,"21:14",NA
"Alex Newhook",20212022,"COL","L","C",34,10,6,16,7,8,0.47,7,12,3,4,0,0,0,3,52,19.2,"13:34",35.7
"Milan Lucic",20212022,"CGY","L","L",42,9,7,16,-4,40,0.38,7,13,2,3,0,0,0,0,58,15.5,"12:48",46.2
"Jesper Fast",20212022,"CAR","R","R",43,9,7,16,8,2,0.37,8,14,1,2,0,0,0,1,54,16.7,"14:39",10
"Josh Anderson",20212022,"MTL","R","R",33,9,7,16,-18,37,0.48,9,15,0,1,0,0,0,1,79,11.4,"17:07",47.4
"Ryan Donato",20212022,"SEA","L","C",41,9,7,16,-10,21,0.39,8,15,1,1,0,0,0,1,97,9.3,"13:30",37.5
"Sean Kuraly",20212022,"CBJ","L","C",43,8,8,16,7,23,0.37,8,16,0,0,0,0,0,0,66,12.1,"14:52",49.4
"J.T. Compher",20212022,"COL","R","L",32,8,8,16,7,17,0.5,6,12,1,3,1,1,0,0,49,16.3,"17:05",50.7
"Rem Pitlick",20212022,"MIN,MTL","L","C",29,8,8,16,-5,16,0.55,8,16,0,0,0,0,0,1,20,40,"11:37",50
"Kailer Yamamoto",20212022,"EDM","R","R",42,8,8,16,-5,14,0.38,7,14,0,1,1,1,0,3,50,16,"16:26",20
"Nico Sturm",20212022,"MIN","L","C",39,8,8,16,-3,8,0.41,6,14,1,1,1,1,0,0,57,14,"12:27",52.9
"Christian Dvorak",20212022,"MTL","L","L",34,7,9,16,-17,20,0.47,6,12,1,4,0,0,0,1,54,13,"17:42",55.8
"Brett Howden",20212022,"VGK","L","C",33,7,9,16,8,10,0.48,7,14,0,0,0,2,0,1,32,21.9,"10:15",48.4
"Erik Haula",20212022,"BOS","L","L",40,5,11,16,0,23,0.4,5,14,0,2,0,0,0,1,69,7.3,"14:43",50.8
"Josh Morrissey",20212022,"WPG","L","D",39,5,11,16,0,20,0.41,1,10,4,6,0,0,0,1,78,6.4,"22:41",NA
"Nick Schmaltz",20212022,"ARI","R","C",26,5,11,16,-3,4,0.62,5,14,0,2,0,0,0,0,42,11.9,"16:09",42.2
"Rasmus Asplund",20212022,"BUF","L","C",43,5,11,16,-11,8,0.37,2,12,2,3,1,1,1,1,72,6.9,"15:50",43.6
"Keegan Kolesar",20212022,"VGK","R","R",46,4,12,16,2,41,0.35,2,14,1,1,1,1,0,0,63,6.4,"13:27",40
"Matt Grzelcyk",20212022,"BOS","L","D",39,2,14,16,5,14,0.41,2,11,0,5,0,0,0,1,72,2.8,"19:04",NA
"Anders Lee",20212022,"NYI","L","L",34,11,4,15,-5,12,0.44,8,11,3,4,0,0,0,1,76,14.5,"16:59",50.5
"Brock McGinn",20212022,"PIT","L","L",43,10,5,15,4,8,0.35,10,15,0,0,0,0,0,2,75,13.3,"15:24",38.5
"Yakov Trenin",20212022,"NSH","L","C",44,10,5,15,8,31,0.34,10,15,0,0,0,0,0,2,73,13.7,"14:18",26.3
"Jason Spezza",20212022,"TOR","R","C",39,9,6,15,-2,16,0.38,6,8,3,7,0,0,0,0,56,16.1,"11:17",54.7
"Brandon Tanev",20212022,"SEA","L","L",30,9,6,15,4,13,0.5,6,12,2,2,1,1,0,3,51,17.7,"14:34",50
"Mathieu Joseph",20212022,"TBL","L","R",43,8,7,15,3,17,0.35,6,12,0,0,2,3,1,2,53,15.1,"14:05",41.2
"Eetu Luostarinen",20212022,"FLA","L","C",43,8,7,15,1,6,0.35,7,14,0,0,1,1,1,4,47,17,"13:38",39.1
"Nils Hoglander",20212022,"VAN","L","L",45,8,7,15,-3,20,0.33,7,12,1,3,0,0,0,0,106,7.6,"13:43",NA
"Calle Jarnkrok",20212022,"SEA","R","C",34,7,8,15,-7,2,0.44,5,12,2,3,0,0,0,1,57,12.3,"16:50",49.2
"Anthony Beauvillier",20212022,"NYI","L","L",36,7,8,15,-8,2,0.42,4,11,3,4,0,0,0,1,76,9.2,"16:43",57.1
"Jake DeBrusk",20212022,"BOS","L","L",38,7,8,15,-3,4,0.39,5,12,2,3,0,0,0,3,83,8.4,"14:14",45.5
"Cole Sillinger",20212022,"CBJ","L","C",40,7,8,15,-9,21,0.38,7,14,0,1,0,0,0,1,79,8.9,"13:36",48.9
"Mikael Backlund",20212022,"CGY","L","C",42,6,9,15,4,12,0.36,6,13,0,2,0,0,0,1,106,5.7,"17:28",49.2
"Johan Larsson",20212022,"ARI","L","L",29,6,9,15,-3,30,0.52,5,13,1,2,0,0,0,1,30,20,"17:52",46.5
"William Karlsson",20212022,"VGK","L","C",31,6,9,15,-1,4,0.48,5,12,1,3,0,0,0,0,66,9.1,"18:38",49.7
"Rudolfs Balcers",20212022,"SJS","L","L",30,6,9,15,-2,8,0.5,6,14,0,0,0,1,0,1,55,10.9,"15:38",42.9
"Eeli Tolvanen",20212022,"NSH","L","R",43,6,9,15,3,12,0.35,5,9,1,6,0,0,0,1,99,6.1,"14:15",0
"Kirby Dach",20212022,"CHI","R","C",43,6,9,15,-5,33,0.35,4,10,2,4,0,1,0,0,76,7.9,"19:17",33.8
"Philip Tomasino",20212022,"NSH","R","C",40,6,9,15,-7,8,0.38,3,9,3,6,0,0,0,2,56,10.7,"11:27",35.7
"Erik Johnson",20212022,"COL","R","D",44,5,10,15,17,14,0.34,4,12,0,1,1,2,0,1,82,6.1,"18:02",NA
"Marcus Johansson",20212022,"SEA","L","L",35,5,10,15,-13,4,0.43,2,7,3,8,0,0,0,1,58,8.6,"16:46",45.7
"Warren Foegele",20212022,"EDM","L","L",42,5,10,15,-15,10,0.36,3,13,2,2,0,0,0,1,75,6.7,"13:39",43.5
"Michael Rasmussen",20212022,"DET","L","C",45,5,10,15,-18,32,0.33,5,14,0,1,0,0,0,1,73,6.9,"14:52",49.9
"Sam Gagner",20212022,"DET","R","C",47,4,11,15,-7,24,0.32,4,14,0,1,0,0,0,0,75,5.3,"13:09",51.4
"Jared Spurgeon",20212022,"MIN","R","D",26,4,11,15,16,4,0.58,4,10,0,5,0,0,0,0,42,9.5,"20:34",NA
"Adam Larsson",20212022,"SEA","R","D",46,4,11,15,-13,28,0.33,4,14,0,1,0,0,1,2,61,6.6,"22:15",NA
"Frederick Gaudreau",20212022,"MIN","R","C",35,4,11,15,0,4,0.43,3,12,1,2,0,1,0,2,58,6.9,"16:22",50
"Jake Bean",20212022,"CBJ","L","D",41,4,11,15,-1,20,0.37,4,13,0,1,0,1,2,2,58,6.9,"21:14",NA
"Jakob Silfverberg",20212022,"ANA","R","R",42,3,12,15,0,22,0.36,2,12,1,3,0,0,0,0,95,3.2,"17:25",38.1
"Alexander Radulov",20212022,"DAL","L","R",37,2,13,15,-15,12,0.41,2,9,0,6,0,0,0,1,59,3.4,"16:17",46.7
"P.K. Subban",20212022,"NJD","R","D",43,2,13,15,-5,20,0.35,2,14,0,0,0,1,0,1,74,2.7,"19:40",NA
"Joonas Donskoi",20212022,"SEA","R","R",45,1,14,15,-4,4,0.33,1,12,0,3,0,0,0,0,57,1.8,"16:00",27.3
"Frank Vatrano",20212022,"FLA","L","C",40,8,6,14,-5,16,0.35,7,12,1,2,0,0,0,1,81,9.9,"12:12",42.9
"Arthur Kaliyev",20212022,"LAK","L","R",46,8,6,14,-3,8,0.3,5,8,3,6,0,0,0,1,109,7.3,"12:38",NA
"Derek Stepan",20212022,"CAR","R","C",35,7,7,14,2,6,0.4,7,14,0,0,0,0,0,0,61,11.5,"11:09",53.8
"Mike Hoffman",20212022,"MTL","L","C",29,7,7,14,-18,14,0.48,4,5,3,9,0,0,0,2,74,9.5,"17:37",66.7
"Garnet Hathaway",20212022,"WSH","R","R",42,7,7,14,9,33,0.33,7,13,0,0,0,1,0,2,79,8.9,"13:57",47.1
"Adam Boqvist",20212022,"CBJ","R","D",30,7,7,14,-12,8,0.47,6,11,1,3,0,0,0,1,36,19.4,"17:03",NA
"Craig Smith",20212022,"BOS","R","C",36,6,8,14,-6,10,0.39,6,12,0,2,0,0,0,1,86,7,"14:28",20
"Nicolas Aube-Kubel",20212022,"PHI,COL","R","R",39,6,8,14,5,39,0.36,6,14,0,0,0,0,0,1,54,11.1,"10:20",28.6
"Oskar Lindblom",20212022,"PHI","L","L",44,6,8,14,-4,12,0.32,6,14,0,0,0,0,0,0,80,7.5,"14:06",36.4
"Owen Tippett",20212022,"FLA","R","R",41,6,8,14,3,10,0.34,6,13,0,1,0,0,0,0,72,8.3,"12:39",36.5
"Blake Lizotte",20212022,"LAK","L","C",41,6,8,14,10,18,0.34,5,12,0,0,1,2,0,1,51,11.8,"12:00",52.3
"Connor McMichael",20212022,"WSH","L","C",42,6,8,14,0,6,0.33,6,14,0,0,0,0,0,0,68,8.8,"10:32",38.9
"Zack Kassian",20212022,"EDM","R","R",33,5,9,14,-1,38,0.42,3,12,2,2,0,0,0,1,38,13.2,"13:02",40
"Sam Steel",20212022,"ANA","L","C",40,5,9,14,0,10,0.35,5,12,0,2,0,0,0,0,43,11.6,"12:13",49.2
"David Kampf",20212022,"TOR","L","C",43,5,9,14,7,12,0.33,5,13,0,0,0,1,0,1,50,10,"14:49",54.9
"Filip Zadina",20212022,"DET","L","R",45,5,9,14,-23,4,0.31,2,8,3,6,0,0,0,1,91,5.5,"14:06",NA
"Kaapo Kakko",20212022,"NYR","L","R",37,5,9,14,7,10,0.38,4,12,1,2,0,0,0,1,56,8.9,"16:00",14.3
"Jordan Greenway",20212022,"MIN","L","L",34,4,10,14,18,30,0.41,3,13,1,1,0,0,0,2,49,8.2,"14:29",33.3
"Nicolas Hague",20212022,"VGK","L","D",36,4,10,14,11,32,0.39,4,14,0,0,0,0,0,0,77,5.2,"18:17",NA
"Dmitry Kulikov",20212022,"MIN","L","D",40,3,11,14,8,15,0.35,3,14,0,0,0,0,0,0,29,10.3,"17:30",NA
"Brian Dumoulin",20212022,"PIT","L","D",41,3,11,14,11,10,0.34,3,14,0,0,0,0,0,0,52,5.8,"22:08",NA
"Mattias Ekholm",20212022,"NSH","L","D",42,3,11,14,8,22,0.33,3,12,0,2,0,0,0,1,65,4.6,"23:26",NA
"Christopher Tanev",20212022,"CGY","R","D",42,3,11,14,17,10,0.33,3,14,0,0,0,0,0,2,44,6.8,"20:40",NA
"Esa Lindell",20212022,"DAL","L","D",43,3,11,14,1,4,0.33,2,11,0,1,1,2,0,0,89,3.4,"22:43",0
"Erik Gustafsson",20212022,"CHI","L","D",40,2,12,14,3,10,0.35,2,11,0,3,0,0,0,0,52,3.9,"16:24",NA
"Brett Pesce",20212022,"CAR","R","D",31,2,12,14,8,12,0.45,1,11,1,3,0,0,0,1,56,3.6,"21:44",NA
"Travis Sanheim",20212022,"PHI","L","D",43,2,12,14,1,14,0.33,2,14,0,0,0,0,1,1,63,3.2,"22:38",NA
"Duncan Keith",20212022,"EDM","L","D",33,1,13,14,3,10,0.42,1,14,0,0,0,0,0,1,52,1.9,"20:50",NA
"Alexis Lafrenière",20212022,"NYR","L","L",45,10,3,13,-2,25,0.29,10,13,0,0,0,0,0,3,57,17.5,"13:33",25.7
"Sam Carrick",20212022,"ANA","R","C",36,9,4,13,-1,45,0.36,9,13,0,0,0,0,0,0,55,16.4,"11:18",49.7
"Nick Paul",20212022,"OTT","L","L",40,9,4,13,-14,9,0.33,7,11,2,2,0,0,0,1,94,9.6,"17:16",48.7
"Daniel Sprong",20212022,"WSH","R","R",38,8,5,13,6,8,0.34,8,13,0,0,0,0,0,0,86,9.3,"13:03",0
"Pat Maroon",20212022,"TBL","L","L",45,7,6,13,9,65,0.29,4,9,3,4,0,0,0,0,69,10.1,"13:06",52.4
"Zach Sanford",20212022,"OTT","L","L",41,7,6,13,-11,32,0.32,6,10,1,3,0,0,0,0,58,12.1,"13:41",16.7
"Jason Zucker",20212022,"PIT","L","L",31,6,7,13,1,10,0.42,4,11,2,2,0,0,0,0,88,6.8,"15:34",28.6
"Nick Cousins",20212022,"NSH","L","C",40,6,7,13,-5,14,0.33,3,9,3,4,0,0,0,1,68,8.8,"12:58",42.9
"Carson Soucy",20212022,"SEA","L","D",33,6,7,13,7,23,0.39,5,10,0,2,1,1,0,0,45,13.3,"17:02",NA
"Evgeni Malkin",20212022,"PIT","L","C",12,5,8,13,-4,2,1.08,2,6,3,7,0,0,0,1,32,15.6,"18:24",44.4
"T.J. Oshie",20212022,"WSH","R","R",18,5,8,13,-4,8,0.72,4,8,1,4,0,1,0,1,27,18.5,"17:34",38.2
"Victor Rask",20212022,"MIN","L","C",27,5,8,13,7,2,0.48,5,13,0,0,0,0,0,0,29,17.2,"10:55",49.7
"William Carrier",20212022,"VGK","L","L",37,5,8,13,8,12,0.35,5,13,0,0,0,0,0,0,53,9.4,"11:06",50
"Pierre-Edouard Bellemare",20212022,"TBL","L","L",45,5,8,13,13,4,0.29,4,12,0,0,1,1,0,1,43,11.6,"14:33",51.9
"Alex Tuch",20212022,"BUF","R","R",13,5,8,13,3,8,1,4,11,1,2,0,0,0,0,37,13.5,"19:46",50
"Brandon Duhaime",20212022,"MIN","L","R",39,5,8,13,-2,56,0.33,5,13,0,0,0,0,0,1,56,8.9,"10:57",25
"Wayne Simmonds",20212022,"TOR","R","R",42,4,9,13,-2,47,0.31,4,12,0,1,0,0,0,2,59,6.8,"9:43",40
"Zach Parise",20212022,"NYI","L","L",39,3,10,13,-1,16,0.33,2,8,0,4,1,1,0,2,61,4.9,"14:29",38.9
"Nicklas Backstrom",20212022,"WSH","L","C",14,3,10,13,3,2,0.93,3,8,0,5,0,0,1,1,29,10.3,"18:02",51
"Jon Merrill",20212022,"MIN","L","D",39,3,10,13,15,10,0.33,3,13,0,0,0,0,0,0,37,8.1,"17:33",NA
"Sean Durzi",20212022,"LAK","R","D",29,2,11,13,1,19,0.45,1,6,1,7,0,0,0,0,43,4.7,"17:45",NA
"Keith Yandle",20212022,"PHI","L","D",45,0,13,13,-24,8,0.29,0,5,0,8,0,0,0,0,74,0,"15:01",NA
"Matt Roy",20212022,"LAK","R","D",45,0,13,13,12,18,0.29,0,9,0,2,0,2,0,0,115,0,"21:09",NA
"Zemgus Girgensons",20212022,"BUF","L","L",34,7,5,12,-6,25,0.35,4,8,3,4,0,0,0,1,61,11.5,"15:16",49.1
"Jake Evans",20212022,"MTL","R","C",36,6,6,12,-10,10,0.33,6,11,0,0,0,1,0,0,68,8.8,"16:11",47.4
"Zach Whitecloud",20212022,"VGK","R","D",31,6,6,12,13,10,0.39,5,11,0,0,1,1,0,1,54,11.1,"19:08",NA
"Jean-Gabriel Pageau",20212022,"NYI","R","C",37,5,7,12,-3,11,0.32,4,9,1,1,0,2,0,0,65,7.7,"17:11",57.3
"Mason Appleton",20212022,"SEA","R","C",32,5,7,12,-4,10,0.38,5,12,0,0,0,0,0,2,47,10.6,"14:12",33.3
"Tyson Jost",20212022,"COL","L","C",44,5,7,12,1,24,0.27,5,11,0,0,0,1,0,0,64,7.8,"13:32",40.5
"Andrew Cogliano",20212022,"SJS","L","C",42,4,8,12,-8,8,0.29,3,10,0,0,1,2,0,0,53,7.6,"13:24",33.3
"Artem Zub",20212022,"OTT","R","D",41,4,8,12,5,26,0.29,4,12,0,0,0,0,0,0,45,8.9,"21:50",NA
"Philipp Kurashev",20212022,"CHI","L","C",40,3,9,12,-8,12,0.3,2,9,1,3,0,0,1,1,57,5.3,"13:32",40
"Ian Cole",20212022,"CAR","L","D",41,2,10,12,8,51,0.29,2,12,0,0,0,0,0,1,46,4.4,"17:06",NA
"Scott Mayfield",20212022,"NYI","R","D",39,2,10,12,-6,44,0.31,2,11,0,0,0,1,0,1,49,4.1,"20:04",NA
"Colin Miller",20212022,"BUF","R","D",32,2,10,12,-2,21,0.38,2,9,0,3,0,0,0,0,43,4.7,"19:38",NA
"Adam Pelech",20212022,"NYI","L","D",35,2,10,12,11,8,0.34,2,11,0,0,0,1,0,0,40,5,"21:22",NA
"Nick Leddy",20212022,"DET","L","D",44,1,11,12,-25,14,0.27,1,9,0,3,0,0,0,0,42,2.4,"21:17",NA
"Cody Ceci",20212022,"EDM","R","D",38,1,11,12,-5,4,0.32,1,12,0,0,0,0,0,0,59,1.7,"20:47",NA
"Trevor van Riemsdyk",20212022,"WSH","R","D",42,1,11,12,2,12,0.29,1,11,0,0,0,1,0,0,49,2,"18:09",NA
"Nathan Bastian",20212022,"SEA,NJD","R","R",39,9,2,11,-6,43,0.28,7,8,2,3,0,0,0,0,56,16.1,"11:59",47.4
"Derek Grant",20212022,"ANA","L","C",40,7,4,11,-11,23,0.28,4,7,2,2,1,2,0,1,65,10.8,"14:07",52.2
"Nic Dowd",20212022,"WSH","R","C",34,6,5,11,1,24,0.32,5,10,0,0,1,1,0,0,47,12.8,"14:30",52.4
"Jimmy Vesey",20212022,"NJD","L","L",42,6,5,11,-13,6,0.26,4,9,0,0,2,2,0,1,71,8.5,"14:46",23.1
"Nick Bonino",20212022,"SJS","L","C",44,5,6,11,-12,12,0.25,4,7,1,4,0,0,0,0,70,7.1,"16:41",54.4
"Chris Tierney",20212022,"OTT","L","C",41,5,6,11,-8,10,0.27,2,6,3,5,0,0,0,1,50,10,"12:51",45.2
"Curtis Lazar",20212022,"BOS","R","C",36,5,6,11,3,10,0.31,5,10,0,0,0,1,0,0,48,10.4,"12:08",45.5
"Janne Kuokkanen",20212022,"NJD","L","C",43,5,6,11,-12,8,0.26,3,9,1,1,1,1,0,1,45,11.1,"13:06",18.2
"Bowen Byram",20212022,"COL","L","D",18,5,6,11,3,6,0.61,4,10,1,1,0,0,0,2,35,14.3,"19:34",NA
"Derick Brassard",20212022,"PHI","L","C",19,4,7,11,7,6,0.58,3,9,1,2,0,0,0,0,25,16,"13:46",49.7
"Ryan Lomberg",20212022,"FLA","L","L",35,4,7,11,7,52,0.31,4,10,0,0,0,1,0,1,64,6.3,"11:48",25
"Dillon Dube",20212022,"CGY","L","C",42,4,7,11,-11,14,0.26,4,9,0,1,0,1,0,0,75,5.3,"12:52",46.4
"Filip Chytil",20212022,"NYR","L","C",38,4,7,11,-1,10,0.29,4,10,0,1,0,0,0,0,71,5.6,"12:41",42.4
"Justin Braun",20212022,"PHI","R","D",45,3,8,11,2,28,0.24,3,11,0,0,0,0,0,0,48,6.3,"19:49",NA
"TJ Brodie",20212022,"TOR","L","D",43,3,8,11,10,16,0.26,3,9,0,0,0,2,0,0,24,12.5,"21:00",NA
"Nick Jensen",20212022,"WSH","R","D",41,3,8,11,20,8,0.27,3,11,0,0,0,0,0,0,51,5.9,"19:16",NA
"Michael McLeod",20212022,"NJD","R","C",42,3,8,11,-4,26,0.26,3,10,0,0,0,1,0,0,49,6.1,"14:36",58.5
"Dylan Coghlan",20212022,"VGK","R","D",35,3,8,11,-2,12,0.31,1,8,2,3,0,0,0,1,66,4.6,"14:36",NA
"Morgan Geekie",20212022,"SEA","R","C",40,3,8,11,-9,10,0.28,3,8,0,3,0,0,0,0,58,5.2,"12:30",52.4
"Jordan Staal",20212022,"CAR","L","C",41,2,9,11,1,10,0.27,1,9,1,2,0,0,0,0,72,2.8,"16:53",57.2
"Justin Schultz",20212022,"WSH","R","D",42,2,9,11,0,8,0.26,1,8,1,3,0,0,0,1,42,4.8,"17:29",NA
"Radek Faksa",20212022,"DAL","L","C",41,2,9,11,-13,27,0.27,1,10,1,1,0,0,0,0,45,4.4,"15:57",52.6
"Rasmus Ristolainen",20212022,"PHI","R","D",41,2,9,11,-10,18,0.27,2,11,0,0,0,0,0,0,57,3.5,"21:01",NA
"Mario Ferraro",20212022,"SJS","L","D",42,2,9,11,1,8,0.26,2,11,0,0,0,0,0,1,36,5.6,"23:29",NA
"Alexander Edler",20212022,"LAK","L","D",26,1,10,11,8,22,0.42,1,11,0,0,0,0,0,0,39,2.6,"18:26",NA
"Jake Muzzin",20212022,"TOR","L","D",35,1,10,11,-2,10,0.31,1,10,0,0,0,1,0,0,46,2.2,"21:22",NA
"Brenden Dillon",20212022,"WPG","L","D",39,1,10,11,12,32,0.28,1,11,0,0,0,0,0,0,56,1.8,"19:30",NA
"Jamie Oleksiak",20212022,"SEA","L","D",37,1,10,11,1,34,0.3,1,11,0,0,0,0,0,0,51,2,"19:26",NA
"Marcus Pettersson",20212022,"PIT","L","D",42,1,10,11,6,24,0.26,1,11,0,0,0,0,0,0,40,2.5,"15:54",NA
"Dante Fabbro",20212022,"NSH","R","D",36,1,10,11,9,20,0.31,1,11,0,0,0,0,0,0,46,2.2,"19:04",NA
"Tyler Myers",20212022,"VAN","R","D",46,0,11,11,9,48,0.24,0,11,0,0,0,0,0,0,75,0,"22:13",NA
"Radko Gudas",20212022,"FLA","R","D",45,0,11,11,23,57,0.24,0,11,0,0,0,0,0,0,67,0,"18:42",NA
"Jacob Peterson",20212022,"DAL","L","C",36,8,2,10,-1,8,0.28,8,10,0,0,0,0,0,4,53,15.1,"12:19",55
"Vasily Podkolzin",20212022,"VAN","L","R",43,7,3,10,5,6,0.23,7,9,0,1,0,0,0,1,57,12.3,"12:29",55.6
"Ilya Mikheyev",20212022,"TOR","L","R",14,7,3,10,7,4,0.71,3,5,2,3,2,2,0,3,38,18.4,"15:16",NA
"Steven Lorentz",20212022,"CAR","L","C",39,6,4,10,1,4,0.26,6,10,0,0,0,0,0,1,45,13.3,"11:16",50.7
"Kevin Rooney",20212022,"NYR","L","C",44,6,4,10,1,10,0.23,6,10,0,0,0,0,0,1,54,11.1,"14:00",44.7
"Brendan Gallagher",20212022,"MTL","R","R",26,4,6,10,-8,28,0.38,1,7,3,3,0,0,0,0,62,6.5,"15:19",39.1
"Mike Reilly",20212022,"BOS","L","D",37,4,6,10,-1,10,0.27,3,7,0,2,1,1,0,0,66,6.1,"18:45",NA
"Adam Erne",20212022,"DET","L","L",46,4,6,10,-21,24,0.22,4,10,0,0,0,0,0,1,54,7.4,"13:56",52.7
"Adam Gaudette",20212022,"CHI,OTT","R","C",21,4,6,10,-3,13,0.48,2,8,2,2,0,0,0,0,37,10.8,"10:54",42.2
"Taylor Raddysh",20212022,"TBL","R","R",42,4,6,10,2,8,0.24,3,8,0,1,1,1,0,1,49,8.2,"11:09",40
"Matt Boldy",20212022,"MIN","L","L",10,4,6,10,9,0,1,3,7,1,3,0,0,0,2,24,16.7,"16:29",57.1
"Tomas Nosek",20212022,"BOS","L","L",37,3,7,10,-4,16,0.27,3,9,0,0,0,1,0,1,43,7,"13:43",53.2
"Evgeny Svechnikov",20212022,"WPG","L","L",34,3,7,10,2,16,0.29,3,10,0,0,0,0,0,0,40,7.5,"10:55",40
"K'Andre Miller",20212022,"NYR","L","D",47,3,7,10,5,18,0.21,3,10,0,0,0,0,0,1,46,6.5,"19:57",NA
"Chris Wideman",20212022,"MTL","R","D",31,2,8,10,-15,34,0.32,2,6,0,4,0,0,0,0,39,5.1,"14:53",NA
"Jakob Chychrun",20212022,"ARI","L","D",34,2,8,10,-27,34,0.29,1,9,1,1,0,0,0,0,103,1.9,"23:58",NA
"Henri Jokiharju",20212022,"BUF","R","D",29,2,8,10,-4,8,0.34,2,10,0,0,0,0,0,0,35,5.7,"21:14",NA
"Marco Scandella",20212022,"STL","L","D",44,1,9,10,6,14,0.23,1,8,0,0,0,2,0,0,51,2,"17:32",NA
"Andrew Peeke",20212022,"CBJ","R","D",43,1,9,10,-8,30,0.23,1,10,0,0,0,0,0,0,26,3.9,"19:40",NA
"Riley Stillman",20212022,"CHI","L","D",28,1,9,10,-1,27,0.36,1,10,0,0,0,0,0,1,25,4,"14:35",NA
"Rasmus Sandin",20212022,"TOR","L","D",37,1,9,10,5,2,0.27,1,8,0,2,0,0,0,1,34,2.9,"17:03",NA
"Ty Smith",20212022,"NJD","L","D",38,1,9,10,-15,4,0.26,1,6,0,4,0,0,0,0,40,2.5,"17:39",NA
"Andrew Ladd",20212022,"ARI","L","L",37,6,3,9,-12,39,0.24,4,6,2,3,0,0,0,0,35,17.1,"14:09",71.4
"Luke Glendening",20212022,"DAL","R","C",43,6,3,9,-7,13,0.21,6,9,0,0,0,0,0,0,58,10.3,"13:25",58.7
"Carl Grundstrom",20212022,"LAK","L","R",29,6,3,9,3,12,0.31,6,9,0,0,0,0,0,1,51,11.8,"11:10",42.9
"Cal Clutterbuck",20212022,"NYI","R","R",39,5,4,9,-1,8,0.23,4,8,0,0,1,1,0,1,49,10.2,"13:54",75
"Alex Chiasson",20212022,"VAN","R","R",37,5,4,9,-3,18,0.24,1,3,4,6,0,0,0,0,42,11.9,"10:42",50
"Ben Chiarot",20212022,"MTL","L","D",41,5,4,9,-25,32,0.22,4,7,1,2,0,0,0,0,76,6.6,"23:22",NA
"Tyler Motte",20212022,"VAN","L","C",31,5,4,9,-1,14,0.29,4,8,0,0,1,1,0,1,56,8.9,"13:39",33.3
"Maxim Mamin",20212022,"FLA","L","C",23,5,4,9,7,4,0.39,5,9,0,0,0,0,0,0,27,18.5,"12:10",NA
"Trevor Lewis",20212022,"CGY","R","C",42,4,5,9,-3,4,0.21,3,8,0,0,1,1,0,0,61,6.6,"12:47",44.9
"Derek Forbort",20212022,"BOS","L","D",40,4,5,9,-3,20,0.23,4,9,0,0,0,0,0,1,35,11.4,"18:23",NA
"Colin Blackwell",20212022,"SEA","R","C",23,4,5,9,-4,2,0.39,4,9,0,0,0,0,0,0,29,13.8,"11:23",53.9
"Matt Nieto",20212022,"SJS","L","L",39,4,5,9,-17,6,0.23,4,9,0,0,0,0,0,0,43,9.3,"14:23",20
"Michael Raffl",20212022,"DAL","L","L",37,4,5,9,-9,4,0.24,4,7,0,0,0,2,0,0,42,9.5,"14:46",54.6
"Ryan Lindgren",20212022,"NYR","L","D",44,4,5,9,18,22,0.2,4,9,0,0,0,0,0,1,39,10.3,"20:26",NA
"MacKenzie Entwistle",20212022,"CHI","R","R",30,4,5,9,-4,17,0.3,3,8,0,0,1,1,0,0,21,19.1,"10:31",44.4
"Tyler Bozak",20212022,"STL","R","C",37,3,6,9,-7,12,0.24,2,6,0,1,1,2,0,1,33,9.1,"12:32",44.1
"Oliver Ekman-Larsson",20212022,"VAN","L","D",43,3,6,9,0,34,0.21,1,6,2,3,0,0,0,0,104,2.9,"22:46",NA
"Cody Eakin",20212022,"BUF","L","C",40,3,6,9,-9,18,0.23,2,6,1,2,0,1,0,1,57,5.3,"13:38",55.7
"Kevin Hayes",20212022,"PHI","L","C",20,3,6,9,-12,14,0.45,2,6,1,2,0,1,0,0,41,7.3,"15:51",41.1
"Nikita Zadorov",20212022,"CGY","L","D",35,3,6,9,-2,32,0.26,3,9,0,0,0,0,0,0,49,6.1,"16:28",NA
"Kieffer Bellows",20212022,"NYI","L","L",20,3,6,9,0,9,0.45,3,7,0,2,0,0,0,2,29,10.3,"11:58",0
"Rasmus Kupari",20212022,"LAK","R","C",37,3,6,9,-2,14,0.24,2,6,1,3,0,0,0,1,32,9.4,"11:36",42.9
"Aliaksei Protas",20212022,"WSH","L","C",33,3,6,9,4,0,0.27,3,8,0,1,0,0,0,0,34,8.8,"11:50",44.8
"Ryan Reaves",20212022,"NYR","R","R",40,2,7,9,-8,26,0.23,2,9,0,0,0,0,0,0,26,7.7,"10:38",0
"Luke Schenn",20212022,"VAN","R","D",30,2,7,9,8,19,0.3,2,9,0,0,0,0,0,1,34,5.9,"16:49",NA
"Brayden McNabb",20212022,"VGK","L","D",46,2,7,9,6,32,0.2,2,9,0,0,0,0,0,0,50,4,"19:28",NA
"Nick Ritchie",20212022,"TOR","L","L",33,2,7,9,-6,23,0.27,1,5,1,4,0,0,0,0,52,3.9,"12:00",0
"Jan Rutta",20212022,"TBL","R","D",42,2,7,9,10,28,0.21,2,9,0,0,0,0,0,0,46,4.4,"16:44",NA
"Loui Eriksson",20212022,"ARI","L","L",36,1,8,9,-12,6,0.25,0,7,0,1,1,1,0,0,47,2.1,"12:30",55.6
"David Savard",20212022,"MTL","R","D",42,1,8,9,-17,24,0.21,1,8,0,0,0,1,0,0,42,2.4,"20:43",NA
"Zach Aston-Reese",20212022,"PIT","L","L",38,1,8,9,4,20,0.24,1,9,0,0,0,0,0,0,42,2.4,"13:26",60
"Marc-Edouard Vlasic",20212022,"SJS","L","D",39,0,9,9,-9,10,0.23,0,9,0,0,0,0,0,0,32,0,"14:52",NA
"Matt Benning",20212022,"NSH","R","D",41,0,9,9,-9,33,0.22,0,9,0,0,0,0,0,0,41,0,"17:00",NA
"Jonas Siegenthaler",20212022,"NJD","L","D",46,0,9,9,-8,30,0.2,0,8,0,0,0,1,0,0,57,0,"20:44",NA
"Brendan Lemieux",20212022,"LAK","L","L",35,7,1,8,5,77,0.23,7,8,0,0,0,0,0,2,50,14,"11:17",52.6
"Vinni Lettieri",20212022,"ANA","R","C",17,5,3,8,-2,2,0.47,3,3,2,5,0,0,0,0,31,16.1,"13:08",80
"Ryan McLeod",20212022,"EDM","L","C",31,5,3,8,-1,4,0.26,5,8,0,0,0,0,0,0,32,15.6,"11:07",49.4
"Yegor Chinakhov",20212022,"CBJ","L","R",34,5,3,8,-17,10,0.24,5,8,0,0,0,0,0,1,57,8.8,"12:22",0
"Connor Murphy",20212022,"CHI","R","D",43,4,4,8,-11,29,0.19,4,8,0,0,0,0,0,1,53,7.6,"22:22",NA
"Andreas Athanasiou",20212022,"LAK","L","C",15,4,4,8,1,2,0.53,4,7,0,1,0,0,0,1,35,11.4,"15:10",60
"Adam Lowry",20212022,"WPG","L","C",42,3,5,8,2,23,0.19,3,6,0,1,0,1,0,0,43,7,"15:26",53.2
"Jacob Middleton",20212022,"SJS","L","D",29,3,5,8,8,44,0.28,3,7,0,0,0,1,0,0,35,8.6,"18:18",NA
"Dryden Hunt",20212022,"NYR","L","L",42,3,5,8,-7,33,0.19,3,8,0,0,0,0,0,1,49,6.1,"11:48",28.6
"Carl Hagelin",20212022,"WSH","L","L",45,2,6,8,4,20,0.18,2,7,0,0,0,1,0,0,63,3.2,"14:11",27.3
"Oskar Sundqvist",20212022,"STL","R","C",28,2,6,8,6,10,0.29,2,8,0,0,0,0,0,0,42,4.8,"14:11",41.5
"Jordan Martinook",20212022,"CAR","L","L",27,2,6,8,4,8,0.3,2,8,0,0,0,0,0,0,25,8,"10:41",47.1
"Anton Blidh",20212022,"BOS","L","L",24,2,6,8,-2,8,0.33,2,8,0,0,0,0,0,0,14,14.3,"10:25",0
"Ethan Bear",20212022,"CAR","R","D",30,2,6,8,6,16,0.27,2,8,0,0,0,0,0,1,43,4.7,"15:58",NA
"Dominik Simon",20212022,"PIT","L","C",40,2,6,8,1,16,0.2,2,7,0,1,0,0,0,1,48,4.2,"9:55",30.8
"Noah Gregor",20212022,"SJS","L","C",30,2,6,8,-8,10,0.27,2,6,0,2,0,0,0,0,80,2.5,"15:12",29.2
"Lucas Carlsson",20212022,"FLA","L","D",25,2,6,8,4,8,0.32,2,8,0,0,0,0,0,0,26,7.7,"12:38",NA
"Erik Gudbranson",20212022,"CGY","R","D",42,1,7,8,-2,42,0.19,1,8,0,0,0,0,0,0,68,1.5,"17:56",NA
"Mark Pysyk",20212022,"BUF","R","D",45,1,7,8,1,14,0.18,1,8,0,0,0,0,0,0,45,2.2,"18:49",NA
"Brett Kulak",20212022,"MTL","L","D",38,1,7,8,-11,21,0.21,1,8,0,0,0,0,0,0,34,2.9,"17:19",NA
"Cole Caufield",20212022,"MTL","R","R",29,1,7,8,-15,4,0.28,1,5,0,3,0,0,0,0,70,1.4,"14:40",50
"Logan Stanley",20212022,"WPG","L","D",35,0,8,8,2,29,0.23,0,7,0,0,0,1,0,0,53,0,"15:11",NA
"Gustav Lindstrom",20212022,"DET","R","D",37,0,8,8,0,12,0.22,0,8,0,0,0,0,0,0,28,0,"16:08",NA
"Jacob Bryson",20212022,"BUF","L","D",37,0,8,8,-11,10,0.22,0,2,0,6,0,0,0,0,20,0,"19:01",NA
"Ryan Poehling",20212022,"MTL","L","C",30,5,2,7,-15,4,0.23,4,6,1,1,0,0,0,1,50,10,"12:48",45.1
"Michael Amadio",20212022,"TOR,VGK","R","C",28,4,3,7,1,2,0.25,4,7,0,0,0,0,0,1,34,11.8,"10:48",39.2
"Jansen Harkins",20212022,"WPG","L","C",41,4,3,7,-3,11,0.17,4,7,0,0,0,0,0,0,39,10.3,"10:28",52.6
"Henrik Borgstrom",20212022,"CHI","L","C",32,4,3,7,-8,16,0.22,4,6,0,1,0,0,0,0,33,12.1,"11:20",40.5
"Josh Manson",20212022,"ANA","R","D",43,3,4,7,0,49,0.16,3,7,0,0,0,0,0,0,56,5.4,"19:44",NA
"Jake McCabe",20212022,"CHI","L","D",40,3,4,7,-21,15,0.18,3,7,0,0,0,0,0,0,42,7.1,"20:18",NA
"Juho Lammikko",20212022,"VAN","L","L",39,3,4,7,-2,10,0.18,3,7,0,0,0,0,0,0,33,9.1,"11:29",51.6
"Christian Fischer",20212022,"ARI","R","R",37,3,4,7,-12,10,0.19,2,6,1,1,0,0,0,0,46,6.5,"12:56",31.9
"Niko Mikkola",20212022,"STL","L","D",29,3,4,7,-7,28,0.24,2,6,0,0,1,1,0,0,39,7.7,"17:50",NA
"Martin Fehervary",20212022,"WSH","L","D",44,3,4,7,16,12,0.16,2,6,0,0,1,1,0,0,51,5.9,"19:28",NA
"Jasper Weatherby",20212022,"SJS","L","C",40,3,4,7,-14,16,0.18,2,5,1,2,0,0,0,0,41,7.3,"11:55",50.7
"Anton Stralman",20212022,"ARI","R","D",37,2,5,7,-13,8,0.19,2,7,0,0,0,0,0,0,50,4,"20:30",NA
"Jani Hakanpaa",20212022,"DAL","R","D",42,2,5,7,7,37,0.17,2,7,0,0,0,0,0,0,33,6.1,"15:28",NA
"Gregory Hofmann",20212022,"CBJ","L","C",24,2,5,7,6,8,0.29,2,7,0,0,0,0,0,2,33,6.1,"12:30",0
"Alex Galchenyuk",20212022,"ARI","L","C",25,2,5,7,-4,12,0.28,2,6,0,1,0,0,0,0,37,5.4,"12:55",58.5
"Jesper Boqvist",20212022,"NJD","L","C",20,2,5,7,-8,2,0.35,2,7,0,0,0,0,0,0,25,8,"11:49",38.7
"Morgan Frost",20212022,"PHI","L","C",26,2,5,7,-7,12,0.27,2,7,0,0,0,0,0,0,33,6.1,"13:09",47
"Alexander Romanov",20212022,"MTL","L","D",41,2,5,7,-10,29,0.17,2,7,0,0,0,0,0,0,47,4.3,"18:46",NA
"Jack Johnson",20212022,"COL","L","D",40,1,6,7,7,32,0.18,1,6,0,0,0,1,0,0,30,3.3,"16:16",NA
"Nick Foligno",20212022,"BOS","L","L",26,1,6,7,-6,31,0.27,1,6,0,1,0,0,0,0,43,2.3,"14:07",55
"Kyle Palmieri",20212022,"NYI","R","R",29,1,6,7,-13,41,0.24,1,6,0,1,0,0,0,0,63,1.6,"15:50",22.2
"Ben Hutton",20212022,"VGK","L","D",25,1,6,7,4,14,0.28,1,7,0,0,0,0,0,0,32,3.1,"14:36",NA
"Erik Cernak",20212022,"TBL","R","D",21,1,6,7,5,16,0.33,1,7,0,0,0,0,0,0,40,2.5,"19:24",NA
"Thomas Novak",20212022,"NSH","L","C",27,1,6,7,-4,2,0.26,0,3,1,4,0,0,0,0,25,4,"11:48",44
"Timothy Liljegren",20212022,"TOR","R","D",28,1,6,7,6,6,0.25,1,7,0,0,0,0,0,0,32,3.1,"15:40",NA
"Gavin Bayreuther",20212022,"CBJ","L","D",23,0,7,7,1,15,0.3,0,7,0,0,0,0,0,0,26,0,"14:39",NA
"Ilya Lyubushkin",20212022,"ARI","R","D",43,0,7,7,-6,24,0.16,0,6,0,0,0,1,0,0,30,0,"18:03",NA
"Brian Boyle",20212022,"PIT","L","C",33,5,1,6,-1,23,0.18,4,5,0,0,1,1,0,0,47,10.6,"10:34",48.5
"Joe Thornton",20212022,"FLA","L","C",24,4,2,6,-9,6,0.25,1,3,3,3,0,0,0,1,19,21.1,"11:02",45.5
"Darren Helm",20212022,"COL","L","C",32,4,2,6,-1,6,0.19,3,4,0,0,1,2,0,0,48,8.3,"10:58",41.5
"Ryan Dzingel",20212022,"ARI","L","C",23,4,2,6,-3,35,0.26,4,6,0,0,0,0,0,1,22,18.2,"13:18",41.7
"Anders Bjork",20212022,"BUF","L","L",40,4,2,6,-6,10,0.15,4,6,0,0,0,0,0,0,36,11.1,"12:22",20
"Michael Pezzetta",20212022,"MTL","L","L",30,4,2,6,-10,68,0.2,4,6,0,0,0,0,0,0,31,12.9,"7:52",42.9
"Joe Veleno",20212022,"DET","L","C",31,4,2,6,-6,14,0.19,4,6,0,0,0,0,0,0,37,10.8,"12:13",51.6
"Nick Holden",20212022,"OTT","L","D",35,3,3,6,-3,4,0.17,3,6,0,0,0,0,0,1,38,7.9,"19:31",NA
"Dominic Toninato",20212022,"WPG","L","C",37,3,3,6,-1,14,0.16,3,6,0,0,0,0,0,1,22,13.6,"8:17",41.7
"Jason Dickinson",20212022,"VAN","L","C",43,3,3,6,-2,15,0.14,3,6,0,0,0,0,0,0,50,6,"13:15",44.8
"Kevin Labanc",20212022,"SJS","R","R",21,3,3,6,-4,6,0.29,1,2,2,4,0,0,0,1,36,8.3,"13:17",0
"Brandon Carlo",20212022,"BOS","R","D",41,3,3,6,-2,23,0.15,3,6,0,0,0,0,0,0,74,4.1,"19:49",NA
"Derek Ryan",20212022,"EDM","R","C",38,3,3,6,-11,2,0.16,3,6,0,0,0,0,0,1,30,10,"11:06",56.5
"Julien Gauthier",20212022,"NYR","R","R",34,3,3,6,-2,2,0.18,3,6,0,0,0,0,0,1,52,5.8,"10:30",33.3
"Logan Brown",20212022,"STL","L","C",17,3,3,6,-2,4,0.35,3,5,0,1,0,0,0,0,20,15,"11:45",32.4
"Alex Barré-Boulet",20212022,"SEA,TBL","L","C",16,3,3,6,0,4,0.38,3,5,0,1,0,0,0,0,16,18.8,"11:00",40
"Brett Leason",20212022,"WSH","R","R",33,3,3,6,0,2,0.18,3,6,0,0,0,0,0,0,42,7.1,"9:03",37.5
"Zach Bogosian",20212022,"TBL","R","D",23,2,4,6,5,34,0.26,2,6,0,0,0,0,0,1,32,6.3,"17:25",NA
"Michael Del Zotto",20212022,"OTT","L","D",10,2,4,6,-9,4,0.6,1,4,1,2,0,0,0,0,15,13.3,"17:16",NA
"Nicolas Deslauriers",20212022,"ANA","L","L",45,2,4,6,-5,56,0.13,1,5,0,0,1,1,0,0,53,3.8,"11:51",25
"Laurent Dauphin",20212022,"MTL","L","C",15,2,4,6,-7,17,0.4,2,6,0,0,0,0,0,0,19,10.5,"14:50",46
"Anthony Mantha",20212022,"WSH","L","R",10,2,4,6,0,4,0.6,2,4,0,2,0,0,0,0,16,12.5,"13:52",NA
"Matthew Highmore",20212022,"VAN","L","C",22,2,4,6,1,6,0.27,2,6,0,0,0,0,0,0,25,8,"13:16",0
"Boris Katchouk",20212022,"TBL","L","L",36,2,4,6,3,25,0.17,2,6,0,0,0,0,0,1,33,6.1,"9:49",41.2
"Brett Murray",20212022,"BUF","L","L",19,2,4,6,-3,23,0.32,2,5,0,1,0,0,0,0,14,14.3,"12:58",NA
"Oskar Steen",20212022,"BOS","R","C",18,2,4,6,0,6,0.33,2,6,0,0,0,0,0,0,22,9.1,"10:57",16.7
"Nolan Patrick",20212022,"VGK","R","C",16,2,4,6,4,2,0.38,2,6,0,0,0,0,0,0,23,8.7,"12:39",53.3
"Klim Kostin",20212022,"STL","L","C",30,2,4,6,-1,14,0.2,2,6,0,0,0,0,0,1,25,8,"9:27",50
"Max Comtois",20212022,"ANA","L","L",28,2,4,6,-4,26,0.21,2,4,0,2,0,0,0,0,42,4.8,"14:45",48.3
"Barrett Hayton",20212022,"ARI","L","C",26,2,4,6,-8,10,0.23,1,3,1,3,0,0,0,1,28,7.1,"16:35",50.4
"Marc Staal",20212022,"DET","L","D",40,1,5,6,8,6,0.15,1,6,0,0,0,0,0,1,42,2.4,"16:43",NA
"Andy Greene",20212022,"NYI","L","D",35,1,5,6,-6,2,0.17,1,6,0,0,0,0,0,0,22,4.6,"17:39",NA
"Jeff Petry",20212022,"MTL","R","D",37,1,5,6,-7,18,0.16,1,4,0,1,0,1,0,0,54,1.9,"22:47",NA
"Justin Holl",20212022,"TOR","R","D",34,1,5,6,9,10,0.18,0,5,0,0,1,1,0,1,29,3.5,"20:40",NA
"Riley Sheahan",20212022,"SEA","L","C",33,1,5,6,3,0,0.18,1,6,0,0,0,0,0,0,32,3.1,"11:17",47.2
"Robert Hagg",20212022,"BUF","L","D",35,1,5,6,-10,23,0.17,1,6,0,0,0,0,0,0,32,3.1,"17:21",NA
"Kale Clague",20212022,"LAK,MTL","L","D",23,1,5,6,-7,8,0.26,1,3,0,3,0,0,0,0,16,6.3,"17:58",NA
"Sami Niku",20212022,"MTL","L","D",13,0,6,6,3,2,0.46,0,5,0,1,0,0,0,0,14,0,"15:17",NA
"Victor Mete",20212022,"OTT","L","D",26,0,6,6,-12,2,0.23,0,6,0,0,0,0,0,0,18,0,"14:38",NA
"Scott Perunovich",20212022,"STL","L","D",19,0,6,6,2,8,0.32,0,3,0,3,0,0,0,0,14,0,"15:27",NA
"Tobias Bjornfot",20212022,"LAK","L","D",47,0,6,6,-3,4,0.13,0,6,0,0,0,0,0,0,38,0,"17:04",NA
"Nick Bjugstad",20212022,"MIN","R","C",28,4,1,5,-5,6,0.18,4,5,0,0,0,0,0,0,47,8.5,"10:11",51.5
"Nathan Walker",20212022,"STL","L","L",9,4,1,5,4,0,0.56,4,5,0,0,0,0,0,0,16,25,"13:03",0
"Brendan Perlini",20212022,"EDM","L","L",21,4,1,5,-2,4,0.24,4,5,0,0,0,0,0,0,22,18.2,"8:39",0
"Antoine Roussel",20212022,"ARI","L","L",37,3,2,5,-15,51,0.14,3,5,0,0,0,0,0,1,40,7.5,"11:39",45.5
"Dysin Mayo",20212022,"ARI","R","D",36,3,2,5,-6,8,0.14,3,5,0,0,0,0,0,0,43,7,"20:53",NA
"Givani Smith",20212022,"DET","L","R",37,3,2,5,-3,87,0.14,3,5,0,0,0,0,0,0,37,8.1,"8:00",NA
"Peyton Krebs",20212022,"VGK,BUF","L","C",20,3,2,5,-13,10,0.25,3,4,0,1,0,0,0,2,24,12.5,"15:17",35.7
"Drew O'Connor",20212022,"PIT","L","L",22,3,2,5,-1,4,0.23,3,5,0,0,0,0,0,0,40,7.5,"10:17",34.6
"Janis Moser",20212022,"ARI","L","D",18,3,2,5,-4,8,0.28,2,4,1,1,0,0,0,1,18,16.7,"18:44",NA
"Colton Sceviour",20212022,"EDM","R","C",30,2,3,5,-3,26,0.17,2,4,0,0,0,1,0,0,36,5.6,"10:07",46.6
"Devin Shore",20212022,"EDM","L","C",25,2,3,5,-3,6,0.2,2,5,0,0,0,0,0,0,16,12.5,"9:26",52.8
"Kyle Capobianco",20212022,"ARI","L","D",20,2,3,5,-4,14,0.25,1,3,1,2,0,0,1,1,17,11.8,"15:26",NA
"Austin Czarnik",20212022,"NYI","R","C",11,2,3,5,5,0,0.45,2,5,0,0,0,0,0,0,9,22.2,"10:57",39.7
"Trent Frederic",20212022,"BOS","L","C",24,2,3,5,3,29,0.21,2,5,0,0,0,0,0,0,29,6.9,"10:13",40.5
"Drake Caggiula",20212022,"BUF","L","C",18,2,3,5,-4,4,0.28,2,4,0,1,0,0,0,1,23,8.7,"14:38",25
"Mikey Anderson",20212022,"LAK","L","D",44,2,3,5,10,6,0.11,2,5,0,0,0,0,0,1,49,4.1,"19:56",NA
"Ryan Ellis",20212022,"PHI","R","D",4,1,4,5,2,0,1.25,1,3,0,2,0,0,0,0,6,16.7,"22:48",NA
"Joel Armia",20212022,"MTL","R","R",32,1,4,5,-4,12,0.16,1,4,0,1,0,0,0,0,51,2,"13:55",10
"Will Butcher",20212022,"BUF","L","D",31,1,4,5,-10,0,0.16,1,3,0,2,0,0,0,0,30,3.3,"16:49",NA
"Jordan Oesterle",20212022,"DET","L","D",25,1,4,5,-1,4,0.2,1,5,0,0,0,0,1,1,38,2.6,"18:32",NA
"Jeremy Lauzon",20212022,"SEA","L","D",37,1,4,5,-9,56,0.14,1,5,0,0,0,0,0,0,36,2.8,"17:21",NA
"Brad Hunt",20212022,"VAN","L","D",17,0,5,5,-8,6,0.29,0,4,0,1,0,0,0,0,22,0,"14:00",NA
"Ryan Carpenter",20212022,"CHI","R","C",42,0,5,5,-6,29,0.12,0,4,0,1,0,0,0,0,48,0,"12:48",52.3
"Lassi Thomson",20212022,"OTT","R","D",16,0,5,5,-8,2,0.31,0,4,0,1,0,0,0,0,18,0,"17:15",NA
"Mathieu Perreault",20212022,"MTL","L","C",14,3,1,4,0,4,0.29,3,4,0,0,0,0,0,0,15,20,"12:29",50.8
"Casey Cizikas",20212022,"NYI","L","C",32,3,1,4,-2,12,0.13,3,4,0,0,0,0,0,1,40,7.5,"13:53",54
"Brad Richardson",20212022,"CGY","L","R",24,2,2,4,-1,23,0.17,2,4,0,0,0,0,0,0,14,14.3,"9:58",59.5
"James Neal",20212022,"STL","L","L",19,2,2,4,-1,0,0.21,1,2,1,2,0,0,0,1,31,6.5,"11:58",0
"Brendan Smith",20212022,"CAR","L","D",25,2,2,4,3,19,0.16,2,4,0,0,0,0,0,1,31,6.5,"14:46",NA
"Justin Dowling",20212022,"VAN","L","C",21,2,2,4,-3,2,0.19,2,4,0,0,0,0,0,0,17,11.8,"9:31",52.5
"Michael Sgarbossa",20212022,"WSH","L","C",10,2,2,4,3,0,0.4,2,4,0,0,0,0,0,0,11,18.2,"9:54",56.9
"Mark Jankowski",20212022,"BUF","L","C",14,2,2,4,5,2,0.29,2,4,0,0,0,0,0,1,10,20,"13:56",51
"Carter Rowney",20212022,"DET","R","C",22,2,2,4,-3,0,0.18,2,3,0,0,0,1,0,0,11,18.2,"10:43",43.4
"Justin Danforth",20212022,"CBJ","R","R",13,2,2,4,-1,0,0.31,2,4,0,0,0,0,0,0,21,9.5,"10:51",61.3
"Jonas Rondbjerg",20212022,"VGK","L","R",15,2,2,4,3,2,0.27,2,4,0,0,0,0,0,0,12,16.7,"10:10",0
"Adam Ruzicka",20212022,"CGY","L","C",11,2,2,4,2,4,0.36,2,4,0,0,0,0,0,0,15,13.3,"9:36",46.4
"Emil Bemstrom",20212022,"CBJ","R","C",13,2,2,4,-1,2,0.31,2,4,0,0,0,0,0,1,22,9.1,"10:05",NA
"Arttu Ruotsalainen",20212022,"BUF","L","C",18,2,2,4,-1,6,0.22,2,4,0,0,0,0,0,0,23,8.7,"11:53",42.5
"Kyle Turris",20212022,"EDM","R","C",22,1,3,4,-5,4,0.18,1,4,0,0,0,0,0,0,21,4.8,"8:48",57.1
"Jordie Benn",20212022,"MIN","L","D",24,1,3,4,-2,8,0.17,1,4,0,0,0,0,0,0,22,4.6,"15:14",NA
"Calvin de Haan",20212022,"CHI","L","D",42,1,3,4,-15,10,0.1,1,4,0,0,0,0,0,0,60,1.7,"19:20",NA
"Greg McKegg",20212022,"NYR","L","C",27,1,3,4,-6,4,0.15,1,3,0,0,0,1,0,0,14,7.1,"11:13",47.7
"Dylan DeMelo",20212022,"WPG","R","D",36,1,3,4,2,12,0.11,0,3,0,0,1,1,0,0,36,2.8,"16:09",NA
"Buddy Robinson",20212022,"ANA","R","R",21,1,3,4,3,10,0.19,1,4,0,0,0,0,0,0,24,4.2,"9:33",0
"Patrick Brown",20212022,"PHI","R","C",20,1,3,4,-3,0,0.2,1,4,0,0,0,0,0,0,26,3.9,"11:58",57.6
"Dakota Joshua",20212022,"STL","L","C",18,1,3,4,4,14,0.22,1,4,0,0,0,0,0,1,15,6.7,"8:33",53.2
"Travis Dermott",20212022,"TOR","L","D",32,1,3,4,6,8,0.13,1,4,0,0,0,0,0,1,26,3.9,"14:23",NA
"Caleb Jones",20212022,"CHI","L","D",22,1,3,4,2,4,0.18,1,3,0,1,0,0,1,1,23,4.4,"14:04",NA
"Gabriel Carlsson",20212022,"CBJ","L","D",18,1,3,4,2,2,0.22,1,4,0,0,0,0,0,0,7,14.3,"12:10",NA
"Jake Leschyshyn",20212022,"VGK","L","C",20,1,3,4,0,6,0.2,1,4,0,0,0,0,0,0,18,5.6,"11:47",43.4
"Robin Salo",20212022,"NYI","L","D",18,1,3,4,-4,4,0.22,1,3,0,1,0,0,0,0,22,4.6,"17:03",NA
"Nils Lundkvist",20212022,"NYR","R","D",25,1,3,4,4,0,0.16,0,2,1,2,0,0,0,0,32,3.1,"13:56",NA
"Connor Dewar",20212022,"MIN","L","C",14,1,3,4,-3,23,0.29,1,3,0,1,0,0,0,1,20,5,"9:33",46.2
"Reese Johnson",20212022,"CHI","R","C",18,1,3,4,-3,7,0.22,1,4,0,0,0,0,0,0,11,9.1,"9:59",46.4
"Joel Kiviranta",20212022,"DAL","L","L",35,1,3,4,-4,10,0.11,1,4,0,0,0,0,0,0,35,2.9,"9:34",0
"Cole Perfetti",20212022,"WPG","L","C",12,1,3,4,-1,0,0.33,1,3,0,1,0,0,0,0,16,6.3,"13:46",0
"Zdeno Chara",20212022,"NYI","L","D",36,0,4,4,4,64,0.11,0,4,0,0,0,0,0,0,43,0,"18:41",NA
"Kris Russell",20212022,"EDM","L","D",20,0,4,4,6,4,0.2,0,4,0,0,0,0,0,0,19,0,"15:15",NA
"Ryan Murray",20212022,"COL","L","D",22,0,4,4,-2,2,0.18,0,3,0,0,0,1,0,0,14,0,"14:12",NA
"Slater Koekkoek",20212022,"EDM","L","D",19,0,4,4,2,16,0.21,0,4,0,0,0,0,0,0,11,0,"11:10",NA
"Chad Ruhwedel",20212022,"PIT","R","D",42,0,4,4,1,2,0.1,0,4,0,0,0,0,0,0,43,0,"15:26",NA
"Mark Friedman",20212022,"PIT","R","D",12,0,4,4,2,8,0.33,0,4,0,0,0,0,0,0,11,0,"13:33",NA
"Sammy Blais",20212022,"NYR","L","L",14,0,4,4,3,17,0.29,0,4,0,0,0,0,0,0,17,0,"13:28",20
"Mitchell Stephens",20212022,"DET","R","C",16,0,4,4,-5,4,0.25,0,4,0,0,0,0,0,0,13,0,"12:00",48.3
"Cam Dineen",20212022,"ARI","L","D",14,0,4,4,-5,0,0.29,0,4,0,0,0,0,0,0,18,0,"14:18",NA
"Cal Foote",20212022,"TBL","R","D",32,0,4,4,1,13,0.13,0,4,0,0,0,0,0,0,31,0,"14:06",NA
"Urho Vaakanainen",20212022,"BOS","L","D",13,0,4,4,1,4,0.31,0,4,0,0,0,0,0,0,14,0,"19:10",NA
"William Eklund",20212022,"SJS","L","C",9,0,4,4,-3,2,0.44,0,1,0,3,0,0,0,0,8,0,"14:20",37.5
"Jujhar Khaira",20212022,"CHI","L","L",27,3,0,3,-4,13,0.11,3,3,0,0,0,0,0,0,32,9.4,"13:36",52.5
"Gerry Mayhew",20212022,"PHI","R","C",12,3,0,3,-3,8,0.25,3,3,0,0,0,0,0,0,17,17.7,"12:05",50
"Evander Kane",20212022,"EDM","L","L",3,2,1,3,5,0,1,2,3,0,0,0,0,0,0,9,22.2,"17:54",0
"Austin Watson",20212022,"OTT","R","L",28,2,1,3,-6,51,0.11,2,3,0,0,0,0,0,0,41,4.9,"12:31",22.2
"Liam O'Brien",20212022,"ARI","L","C",32,2,1,3,3,94,0.09,2,3,0,0,0,0,0,0,25,8,"9:13",44.4
"Haydn Fleury",20212022,"SEA","L","D",25,2,1,3,-3,6,0.12,2,3,0,0,0,0,0,1,32,6.3,"16:40",NA
"Max Willman",20212022,"PHI","L","C",26,2,1,3,-6,14,0.12,2,3,0,0,0,0,0,0,35,5.7,"11:47",40
"Adam Brooks",20212022,"MTL,VGK","L","C",11,2,1,3,2,2,0.27,2,3,0,0,0,0,0,2,5,40,"10:51",39.6
"Jeffrey Viel",20212022,"SJS","L","L",14,2,1,3,1,46,0.21,2,3,0,0,0,0,0,0,15,13.3,"8:57",25
"Kristian Vesalainen",20212022,"WPG","L","L",38,2,1,3,-2,6,0.08,2,3,0,0,0,0,0,0,34,5.9,"8:57",0
"Calen Addison",20212022,"MIN","R","D",9,2,1,3,0,0,0.33,2,3,0,0,0,0,0,0,12,16.7,"13:40",NA
"Mason McTavish",20212022,"ANA","L","C",9,2,1,3,3,2,0.33,2,2,0,1,0,0,0,1,12,16.7,"13:05",0
"Robert Bortuzzo",20212022,"STL","R","D",37,1,2,3,4,24,0.08,1,3,0,0,0,0,0,0,24,4.2,"14:08",NA
"Matt Martin",20212022,"NYI","L","L",31,1,2,3,0,40,0.1,1,3,0,0,0,0,0,0,33,3,"11:22",50
"Tyler Johnson",20212022,"CHI","R","C",8,1,2,3,-6,10,0.38,1,1,0,2,0,0,0,0,11,9.1,"14:26",58.1
"Logan Shaw",20212022,"OTT","R","R",17,1,2,3,-3,2,0.18,1,3,0,0,0,0,0,0,17,5.9,"9:23",50.4
"Josh Leivo",20212022,"CAR","R","L",6,1,2,3,2,2,0.5,1,3,0,0,0,0,0,0,10,10,"9:22",NA
"Olli Maatta",20212022,"LAK","L","D",32,1,2,3,7,4,0.09,1,3,0,0,0,0,0,0,31,3.2,"17:48",NA
"Kurtis MacDermid",20212022,"COL","L","D",32,1,2,3,4,56,0.09,1,3,0,0,0,0,0,0,27,3.7,"7:27",NA
"Kyle Burroughs",20212022,"VAN","R","D",31,1,2,3,-5,26,0.1,1,3,0,0,0,0,0,0,31,3.2,"13:04",NA
"Tucker Poolman",20212022,"VAN","R","D",39,1,2,3,3,12,0.08,1,3,0,0,0,0,0,0,47,2.1,"17:19",NA
"John Hayden",20212022,"BUF","R","C",37,1,2,3,-4,40,0.08,1,3,0,0,0,0,0,0,48,2.1,"11:23",28.6
"Michael McCarron",20212022,"NSH","R","R",23,1,2,3,2,42,0.13,1,3,0,0,0,0,0,0,23,4.4,"9:30",55
"Ross Johnston",20212022,"NYI","L","L",10,1,2,3,1,4,0.3,1,3,0,0,0,0,0,0,3,33.3,"10:12",NA
"Jake Walman",20212022,"STL","L","D",19,1,2,3,3,4,0.16,1,3,0,0,0,0,0,0,23,4.4,"11:57",NA
"Sam Lafferty",20212022,"PIT,CHI","R","C",20,1,2,3,-3,12,0.15,1,3,0,0,0,0,0,0,26,3.9,"11:45",40.9
"Nick Merkley",20212022,"SJS","L","R",9,1,2,3,-2,0,0.33,1,2,0,1,0,0,0,0,7,14.3,"12:25",54.6
"Nicolas Meloche",20212022,"SJS","R","D",17,1,2,3,-6,8,0.18,1,3,0,0,0,0,0,1,15,6.7,"16:18",NA
"Dylan Gambrell",20212022,"OTT","R","C",26,1,2,3,-2,6,0.12,0,2,0,0,1,1,0,0,25,4,"12:33",47.6
"Matt Luff",20212022,"NSH","R","R",10,1,2,3,3,2,0.3,1,3,0,0,0,0,0,1,8,12.5,"8:57",100
"Zack MacEwen",20212022,"PHI","R","C",43,1,2,3,-9,51,0.07,1,3,0,0,0,0,0,1,44,2.3,"9:36",52.9
"Benoit-Olivier Groulx",20212022,"ANA","L","C",18,1,2,3,0,2,0.17,1,3,0,0,0,0,0,0,17,5.9,"11:00",45.8
"Simon Benoit",20212022,"ANA","L","D",29,1,2,3,2,9,0.1,1,3,0,0,0,0,0,0,15,6.7,"13:32",NA
"Cam York",20212022,"PHI","L","D",13,1,2,3,-4,2,0.23,1,1,0,2,0,0,0,0,14,7.1,"18:32",NA
"Braden Schneider",20212022,"NYR","R","D",10,1,2,3,0,0,0.3,1,2,0,1,0,0,0,0,10,10,"16:49",NA
"Andrej Sekera",20212022,"DAL","L","D",24,0,3,3,-2,12,0.13,0,3,0,0,0,0,0,0,18,0,"13:56",NA
"Alec Martinez",20212022,"VGK","L","D",11,0,3,3,3,4,0.27,0,3,0,0,0,0,0,0,11,0,"19:59",NA
"Kyle Clifford",20212022,"STL,TOR","L","L",12,0,3,3,-5,7,0.25,0,3,0,0,0,0,0,0,10,0,"8:34",25
"Matt Tennyson",20212022,"NSH","R","D",4,0,3,3,2,2,0.75,0,3,0,0,0,0,0,0,3,0,"12:17",NA
"Jayson Megna",20212022,"COL","R","C",20,0,3,3,-2,4,0.15,0,3,0,0,0,0,0,0,19,0,"10:18",48.3
"Danny DeKeyser",20212022,"DET","L","D",36,0,3,3,-9,12,0.08,0,3,0,0,0,0,0,0,46,0,"18:38",NA
"Josh Brown",20212022,"OTT","R","D",25,0,3,3,-4,18,0.12,0,3,0,0,0,0,0,0,21,0,"13:49",NA
"William Lagesson",20212022,"EDM","L","D",14,0,3,3,0,9,0.21,0,3,0,0,0,0,0,0,16,0,"11:32",NA
"Jakub Zboril",20212022,"BOS","L","D",10,0,3,3,1,4,0.3,0,3,0,0,0,0,0,0,13,0,"15:44",NA
"Tanner Kero",20212022,"DAL","L","C",20,0,3,3,-5,0,0.15,0,3,0,0,0,0,0,0,11,0,"9:46",61.5
"Colton White",20212022,"NJD","L","D",16,0,3,3,-2,4,0.19,0,3,0,0,0,0,0,0,12,0,"12:20",NA
"Philippe Myers",20212022,"NSH","R","D",20,0,3,3,5,10,0.15,0,3,0,0,0,0,0,0,23,0,"15:12",NA
"Jack Drury",20212022,"CAR","L","C",2,2,0,2,3,2,1,2,2,0,0,0,0,0,0,6,33.3,"15:58",80
"Paul Cotter",20212022,"VGK","L","C",6,2,0,2,1,4,0.33,2,2,0,0,0,0,0,0,10,20,"8:53",0
"Greg Pateryn",20212022,"ANA","R","D",8,1,1,2,5,10,0.25,1,2,0,0,0,0,0,0,13,7.7,"13:54",NA
"Connor Clifton",20212022,"BOS","R","D",27,1,1,2,-2,22,0.07,1,2,0,0,0,0,0,0,34,2.9,"16:20",NA
"Joel Hanley",20212022,"DAL","L","D",19,1,1,2,-3,2,0.11,1,2,0,0,0,0,0,0,6,16.7,"10:37",NA
"Dean Kukan",20212022,"CBJ","L","D",11,1,1,2,1,8,0.18,1,2,0,0,0,0,0,0,14,7.1,"15:13",NA
"Will Borgen",20212022,"SEA","R","D",15,1,1,2,-5,15,0.13,1,2,0,0,0,0,0,0,16,6.3,"14:33",NA
"Christian Wolanin",20212022,"BUF,LAK","L","D",8,1,1,2,0,2,0.25,1,2,0,0,0,0,0,0,5,20,"14:30",NA
"Josh Mahura",20212022,"ANA","L","D",15,1,1,2,-2,4,0.13,1,2,0,0,0,0,0,0,10,10,"14:04",NA
"Nikita Zaitsev",20212022,"OTT","R","D",23,1,1,2,-2,14,0.09,1,2,0,0,0,0,0,0,25,4,"18:33",NA
"Casey Mittelstadt",20212022,"BUF","L","C",7,1,1,2,-7,2,0.29,1,2,0,0,0,0,0,0,8,12.5,"14:16",43.8
"Radim Simek",20212022,"SJS","L","D",28,1,1,2,-9,6,0.07,1,2,0,0,0,0,0,0,20,5,"13:47",NA
"Parker Kelly",20212022,"OTT","L","L",11,1,1,2,-2,4,0.18,1,2,0,0,0,0,0,0,9,11.1,"10:12",0
"Kiefer Sherwood",20212022,"COL","R","L",11,1,1,2,3,0,0.18,1,2,0,0,0,0,0,1,9,11.1,"8:34",100
"Ryan Merkley",20212022,"SJS","R","D",15,1,1,2,-3,2,0.13,1,2,0,0,0,0,0,0,12,8.3,"14:57",NA
"Karson Kuhlman",20212022,"BOS,SEA","R","C",24,1,1,2,0,2,0.08,1,2,0,0,0,0,0,0,27,3.7,"9:44",0
"Riley Damiani",20212022,"DAL","R","C",7,1,1,2,0,2,0.29,1,2,0,0,0,0,0,0,10,10,"8:32",50
"Jesse Ylonen",20212022,"MTL","R","R",7,1,1,2,2,2,0.29,1,2,0,0,0,0,0,0,8,12.5,"12:54",NA
"Jake Neighbours",20212022,"STL","L","L",9,1,1,2,-2,2,0.22,1,2,0,0,0,0,0,1,8,12.5,"9:21",33.3
"Jack Quinn",20212022,"BUF","R","R",2,1,1,2,0,0,1,0,1,1,1,0,0,0,0,6,16.7,"14:53",NA
"Radim Zohorna",20212022,"PIT","L","L",6,1,1,2,4,0,0.33,1,2,0,0,0,0,0,0,4,25,"11:52",33.3
"Matt Kiersted",20212022,"FLA","L","D",8,1,1,2,-3,0,0.25,1,2,0,0,0,0,0,0,7,14.3,"13:02",NA
"Riley Nash",20212022,"WPG,TBL,ARI","R","C",38,0,2,2,-4,6,0.05,0,2,0,0,0,0,0,0,28,0,"11:15",53.8
"Mark Borowiecki",20212022,"NSH","L","D",38,0,2,2,2,88,0.05,0,2,0,0,0,0,0,0,28,0,"13:24",NA
"Matt Irwin",20212022,"WSH","L","D",13,0,2,2,-1,4,0.15,0,2,0,0,0,0,0,0,22,0,"13:18",NA
"Patrik Nemeth",20212022,"NYR","L","D",38,0,2,2,-12,12,0.05,0,2,0,0,0,0,0,0,33,0,"17:17",NA
"Tyler Pitlick",20212022,"CGY","R","C",25,0,2,2,-5,2,0.08,0,2,0,0,0,0,0,0,19,0,"11:41",25
"Cedric Paquette",20212022,"MTL","L","C",24,0,2,2,-6,25,0.08,0,2,0,0,0,0,0,0,16,0,"8:52",29.8
"Ryan Pulock",20212022,"NYI","R","D",14,0,2,2,-4,0,0.14,0,1,0,1,0,0,0,0,23,0,"20:24",NA
"Vladimir Tkachev",20212022,"LAK","R","L",4,0,2,2,-2,2,0.5,0,0,0,2,0,0,0,0,1,0,"13:59",50
"Lane Pederson",20212022,"SJS","R","C",23,0,2,2,-10,8,0.09,0,2,0,0,0,0,0,0,19,0,"10:31",44.3
"Andrew Poturalski",20212022,"CAR","R","C",2,0,2,2,-1,0,1,0,0,0,2,0,0,0,0,4,0,"10:09",42.9
"Juuso Valimaki",20212022,"CGY","L","D",8,0,2,2,1,10,0.25,0,2,0,0,0,0,0,0,11,0,"15:51",NA
"Jonah Gadjovich",20212022,"SJS","L","L",25,0,2,2,-7,50,0.08,0,2,0,0,0,0,0,0,15,0,"8:35",33.3
"Dylan Samberg",20212022,"WPG","L","D",6,0,2,2,-1,2,0.33,0,2,0,0,0,0,0,0,8,0,"14:00",NA
"Erik Brannstrom",20212022,"OTT","L","D",12,0,2,2,-6,8,0.17,0,1,0,1,0,0,0,0,21,0,"19:41",NA
"Calle Rosen",20212022,"STL","L","D",6,0,2,2,-1,2,0.33,0,2,0,0,0,0,0,0,5,0,"15:33",NA
"Sebastian Aho",20212022,"NYI","L","D",12,0,2,2,-6,0,0.17,0,1,0,1,0,0,0,0,17,0,"17:17",NA
"Sean Walker",20212022,"LAK","R","D",6,0,2,2,-1,4,0.33,0,1,0,1,0,0,0,0,18,0,"18:22",NA
"Austin Strand",20212022,"LAK","R","D",4,0,2,2,2,0,0.5,0,2,0,0,0,0,0,0,4,0,"15:49",NA
"Joe Snively",20212022,"WSH","L","C",4,0,2,2,3,0,0.5,0,2,0,0,0,0,0,0,5,0,"9:46",NA
"Alexander Holtz",20212022,"NJD","R","R",7,0,2,2,-3,2,0.29,0,1,0,1,0,0,0,0,11,0,"11:42",NA
"Mike Hardman",20212022,"CHI","L","L",21,0,2,2,-6,11,0.1,0,2,0,0,0,0,0,0,12,0,"9:18",50
"Nate Thompson",20212022,"PHI","L","C",19,1,0,1,-8,29,0.05,1,1,0,0,0,0,0,0,7,14.3,"11:39",50.4
"Blake Comeau",20212022,"DAL","R","L",6,1,0,1,-1,4,0.17,1,1,0,0,0,0,0,0,2,50,"11:28",100
"Jay Beagle",20212022,"ARI","R","C",21,1,0,1,-11,10,0.05,1,1,0,0,0,0,0,0,13,7.7,"14:02",61.7
"Jarred Tinordi",20212022,"NYR","L","D",7,1,0,1,-5,7,0.14,1,1,0,0,0,0,0,1,5,20,"12:55",NA
"Andy Andreoff",20212022,"NYI","L","C",5,1,0,1,-1,0,0.2,1,1,0,0,0,0,0,0,6,16.7,"9:52",66.7
"Martin Frk",20212022,"LAK","R","R",2,1,0,1,-1,0,0.5,0,0,1,1,0,0,0,0,7,14.3,"18:19",NA
"Jaycob Megna",20212022,"SJS","L","D",19,1,0,1,0,10,0.05,1,1,0,0,0,0,0,0,15,6.7,"18:02",NA
"Andrej Sustr",20212022,"TBL","R","D",13,1,0,1,-1,6,0.08,1,1,0,0,0,0,0,0,9,11.1,"10:39",NA
"Lukas Vejdemo",20212022,"MTL","L","C",6,1,0,1,-3,0,0.17,1,1,0,0,0,0,0,0,10,10,"10:38",41.9
"Ethan Prow",20212022,"BUF","R","D",4,1,0,1,-1,0,0.25,1,1,0,0,0,0,0,0,2,50,"12:44",NA
"Beck Malenstyn",20212022,"WSH","L","L",12,1,0,1,2,9,0.08,1,1,0,0,0,0,0,0,10,10,"9:03",14.3
"Kasper Bjorkqvist",20212022,"PIT","L","R",6,1,0,1,-1,2,0.17,1,1,0,0,0,0,0,0,8,12.5,"8:22",NA
"Garrett Pilon",20212022,"WSH","R","C",2,1,0,1,1,0,0.5,1,1,0,0,0,0,0,0,1,100,"9:25",44.4
"Gabriel Vilardi",20212022,"LAK","R","C",7,1,0,1,-5,2,0.14,0,0,1,1,0,0,0,0,7,14.3,"12:58",37.3
"Marian Studenic",20212022,"NJD","L","R",15,1,0,1,-4,0,0.07,1,1,0,0,0,0,0,0,19,5.3,"11:51",25
"Kristian Reichel",20212022,"WPG","R","C",5,1,0,1,-2,0,0.2,1,1,0,0,0,0,0,0,9,11.1,"8:37",NA
"Gabriel Fortier",20212022,"TBL","L","L",10,1,0,1,-2,4,0.1,1,1,0,0,0,0,0,0,14,7.1,"9:17",100
"Rafael Harvey-Pinard",20212022,"MTL","L","L",3,1,0,1,-2,0,0.33,1,1,0,0,0,0,0,0,4,25,"13:36",0
"Quinton Byfield",20212022,"LAK","L","C",7,1,0,1,-3,6,0.14,1,1,0,0,0,0,0,0,11,9.1,"11:35",46.7
"Hendrix Lapierre",20212022,"WSH","L","C",6,1,0,1,2,2,0.17,1,1,0,0,0,0,0,0,7,14.3,"9:35",26.1
"Jackson Cates",20212022,"PHI","L","C",9,1,0,1,-1,0,0.11,1,1,0,0,0,0,0,0,6,16.7,"9:39",65.5
"Travis Hamonic",20212022,"VAN","R","D",9,0,1,1,-1,2,0.11,0,1,0,0,0,0,0,0,13,0,"18:27",NA
"John Moore",20212022,"BOS","L","D",7,0,1,1,2,4,0.14,0,0,0,0,0,1,0,0,7,0,"17:34",NA
"Richard Panik",20212022,"NYI","L","R",4,0,1,1,-2,0,0.25,0,0,0,1,0,0,0,0,4,0,"14:55",50
"Matthew Peca",20212022,"STL","L","C",5,0,1,1,-1,0,0.2,0,1,0,0,0,0,0,0,3,0,"9:38",41.7
"Dmitrij Jaskin",20212022,"ARI","L","R",12,0,1,1,-6,4,0.08,0,1,0,0,0,0,0,0,23,0,"14:47",50
"Scott Harrington",20212022,"CBJ","L","D",7,0,1,1,-4,6,0.14,0,1,0,0,0,0,0,0,5,0,"14:28",NA
"Nathan Beaulieu",20212022,"WPG","L","D",19,0,1,1,-8,21,0.05,0,1,0,0,0,0,0,0,20,0,"10:05",NA
"Gemel Smith",20212022,"DET","L","C",1,0,1,1,0,5,1,0,1,0,0,0,0,0,0,0,NA,"5:53",25
"Ben Harpur",20212022,"NSH","L","D",9,0,1,1,-8,18,0.11,0,1,0,0,0,0,0,0,5,0,"13:42",NA
"Dylan Sikura",20212022,"COL","L","C",4,0,1,1,1,0,0.25,0,1,0,0,0,0,0,0,3,0,"11:07",NA
"Cooper Marody",20212022,"EDM","R","C",1,0,1,1,0,0,1,0,1,0,0,0,0,0,0,1,0,"6:04",NA
"Jacob Larsson",20212022,"ANA","L","D",6,0,1,1,-3,2,0.17,0,1,0,0,0,0,0,0,5,0,"15:16",NA
"Markus Nutivaara",20212022,"FLA","L","D",1,0,1,1,0,0,1,0,1,0,0,0,0,0,0,0,NA,"7:01",NA
"Jalen Chatfield",20212022,"CAR","R","D",7,0,1,1,1,0,0.14,0,1,0,0,0,0,0,0,10,0,"16:47",NA
"Kyle Criscuolo",20212022,"DET","R","C",2,0,1,1,0,0,0.5,0,1,0,0,0,0,0,0,1,0,"10:22",14.3
"Lucas Johansen",20212022,"WSH","L","D",1,0,1,1,1,0,1,0,1,0,0,0,0,0,0,0,NA,"12:18",NA
"Libor Hajek",20212022,"NYR","L","D",14,0,1,1,-6,8,0.07,0,1,0,0,0,0,0,0,11,0,"13:29",NA
"Tyler Benson",20212022,"EDM","L","L",19,0,1,1,-4,6,0.05,0,1,0,0,0,0,0,0,13,0,"8:38",0
"Dennis Cholowski",20212022,"WSH","L","D",7,0,1,1,-4,2,0.14,0,1,0,0,0,0,0,0,3,0,"13:35",NA
"Jacob Moverare",20212022,"LAK","L","D",3,0,1,1,2,0,0.33,0,1,0,0,0,0,0,0,5,0,"17:31",NA
"Troy Stecher",20212022,"DET","R","D",6,0,1,1,1,2,0.17,0,1,0,0,0,0,0,0,5,0,"14:28",NA
"Michal Kempny",20212022,"WSH","L","D",7,0,1,1,-1,6,0.14,0,1,0,0,0,0,0,0,6,0,"19:15",NA
"Otto Koivula",20212022,"NYI","L","L",3,0,1,1,-1,0,0.33,0,1,0,0,0,0,0,0,4,0,"11:41",36.4
"Axel Jonsson-Fjallby",20212022,"WSH","L","L",9,0,1,1,1,2,0.11,0,1,0,0,0,0,0,0,9,0,"11:28",25
"Casey Fitzgerald",20212022,"BUF","R","D",7,0,1,1,-1,15,0.14,0,1,0,0,0,0,0,0,12,0,"16:07",NA
"Mathieu Olivier",20212022,"NSH","R","R",8,0,1,1,-2,12,0.13,0,1,0,0,0,0,0,0,3,0,"10:44",0
"Kole Lind",20212022,"SEA","R","R",4,0,1,1,-1,2,0.25,0,1,0,0,0,0,0,0,0,NA,"7:32",50
"Jack Studnicka",20212022,"BOS","R","C",5,0,1,1,-1,2,0.2,0,1,0,0,0,0,0,0,5,0,"11:54",50
"Ian Mitchell",20212022,"CHI","R","D",8,0,1,1,-3,0,0.13,0,0,0,1,0,0,0,0,2,0,"11:56",NA
"Lias Andersson",20212022,"LAK","L","C",13,0,1,1,-2,10,0.08,0,0,0,1,0,0,0,0,18,0,"11:07",57.9
"Morgan Barron",20212022,"NYR","L","C",9,0,1,1,0,4,0.11,0,1,0,0,0,0,0,0,5,0,"9:25",62.2
"Jayden Halbgewachs",20212022,"SJS","L","L",3,0,1,1,1,4,0.33,0,1,0,0,0,0,0,0,7,0,"13:06",NA
"Mark Kastelic",20212022,"OTT","R","C",4,0,1,1,-1,0,0.25,0,1,0,0,0,0,0,0,1,0,"9:02",75
"Jacob Bernard-Docker",20212022,"OTT","R","D",8,0,1,1,1,4,0.13,0,1,0,0,0,0,0,0,6,0,"14:46",NA
"Juuso Riikola",20212022,"PIT","L","D",5,0,1,1,2,2,0.2,0,1,0,0,0,0,0,0,7,0,"13:23",NA
"Josiah Slavin",20212022,"CHI","L","L",10,0,1,1,1,2,0.1,0,1,0,0,0,0,0,0,8,0,"11:05",41
"Corey Schueneman",20212022,"MTL","L","D",4,0,1,1,1,4,0.25,0,1,0,0,0,0,0,0,5,0,"14:44",NA
"Adam Beckman",20212022,"MIN","L","L",3,0,1,1,-1,2,0.33,0,1,0,0,0,0,0,0,4,0,"10:25",NA
"Mattias Norlinder",20212022,"MTL","L","D",6,0,1,1,2,2,0.17,0,1,0,0,0,0,0,0,2,0,"12:18",NA
"Shane Pinto",20212022,"OTT","R","C",5,0,1,1,0,2,0.2,0,0,0,1,0,0,0,0,5,0,"12:57",32.7
"Philip Broberg",20212022,"EDM","L","D",8,0,1,1,-8,6,0.13,0,1,0,0,0,0,0,0,9,0,"15:35",NA
"Santeri Hatakka",20212022,"SJS","L","D",7,0,1,1,-3,2,0.14,0,1,0,0,0,0,0,0,2,0,"13:07",NA
"Zac Jones",20212022,"NYR","L","D",6,0,1,1,-3,0,0.17,0,1,0,0,0,0,0,0,4,0,"13:56",NA
"Daniil Miromanov",20212022,"VGK","R","D",7,0,1,1,1,0,0.14,0,1,0,0,0,0,0,0,12,0,"10:05",NA
"Alex Steeves",20212022,"TOR","L","C",3,0,1,1,-1,0,0.33,0,1,0,0,0,0,0,0,2,0,"7:58",NA
"Alex Biega",20212022,"TOR","R","D",2,0,0,0,-2,0,0,0,0,0,0,0,0,0,0,2,0,"13:07",NA
"Leo Komarov",20212022,"NYI","L","R",1,0,0,0,0,2,0,0,0,0,0,0,0,0,0,0,NA,"10:50",100
"Paul Byron",20212022,"MTL","L","L",1,0,0,0,-3,0,0,0,0,0,0,0,0,0,0,0,NA,"16:48",NA
"Thomas Hickey",20212022,"NYI","L","D",2,0,0,0,-3,0,0,0,0,0,0,0,0,0,0,0,NA,"19:29",NA
"Zac Dalpe",20212022,"FLA","R","C",1,0,0,0,-1,0,0,0,0,0,0,0,0,0,0,0,NA,"6:08",25
"Michael Stone",20212022,"CGY","R","D",2,0,0,0,1,0,0,0,0,0,0,0,0,0,0,5,0,"16:32",NA
"Kevin Connauton",20212022,"FLA,PHI","L","D",23,0,0,0,3,2,0,0,0,0,0,0,0,0,0,19,0,"12:42",NA
"Andrew Agozzino",20212022,"OTT","L","L",1,0,0,0,0,0,0,0,0,0,0,0,0,0,0,1,0,"6:52",33.3
"Brett Connolly",20212022,"CHI","R","R",7,0,0,0,-3,15,0,0,0,0,0,0,0,0,0,5,0,"8:33",NA
"Alex Belzile",20212022,"MTL","R","R",11,0,0,0,0,4,0,0,0,0,0,0,0,0,0,13,0,"10:24",36.8
"Max McCormick",20212022,"SEA","L","L",10,0,0,0,1,10,0,0,0,0,0,0,0,0,0,8,0,"8:06",50
"Fredrik Claesson",20212022,"TBL","L","D",9,0,0,0,-3,0,0,0,0,0,0,0,0,0,0,4,0,"9:52",NA
"Nick Seeler",20212022,"PHI","L","D",27,0,0,0,-2,22,0,0,0,0,0,0,0,0,0,20,0,"12:56",NA
"T.J. Tynan",20212022,"LAK","R","C",2,0,0,0,0,0,0,0,0,0,0,0,0,0,0,3,0,"10:51",46.2
"Steven Fogarty",20212022,"BOS","R","C",2,0,0,0,-2,2,0,0,0,0,0,0,0,0,0,2,0,"10:24",41.2
"Kyle Rau",20212022,"MIN","L","C",5,0,0,0,-3,0,0,0,0,0,0,0,0,0,0,3,0,"8:49",50
"Rocco Grimaldi",20212022,"NSH","R","R",7,0,0,0,0,2,0,0,0,0,0,0,0,0,0,8,0,"10:56",66.7
"Brett Ritchie",20212022,"CGY","R","R",21,0,0,0,-5,21,0,0,0,0,0,0,0,0,0,35,0,"9:23",0
"Sven Baertschi",20212022,"VGK","L","L",1,0,0,0,-1,0,0,0,0,0,0,0,0,0,0,1,0,"13:54",NA
"Stefan Noesen",20212022,"CAR","R","R",2,0,0,0,1,0,0,0,0,0,0,0,0,0,0,4,0,"14:20",NA
"Seth Griffith",20212022,"EDM","R","C",1,0,0,0,1,0,0,0,0,0,0,0,0,0,0,0,NA,"5:37",NA
"Kurtis Gabriel",20212022,"CHI","R","R",2,0,0,0,0,0,0,0,0,0,0,0,0,0,0,0,NA,"6:02",NA
"Stefan Matteau",20212022,"COL","L","C",1,0,0,0,0,0,0,0,0,0,0,0,0,0,0,0,NA,"3:39",NA
"Danny O'Regan",20212022,"ANA","R","C",1,0,0,0,0,0,0,0,0,0,0,0,0,0,0,0,NA,"18:32",44.4
"Paul LaDue",20212022,"NYI","R","D",1,0,0,0,-2,0,0,0,0,0,0,0,0,0,0,1,0,"12:47",NA
"Riley Barber",20212022,"DET","R","R",2,0,0,0,1,0,0,0,0,0,0,0,0,0,0,2,0,"6:08",NA
"Scott Sabourin",20212022,"OTT","R","R",4,0,0,0,-1,7,0,0,0,0,0,0,0,0,0,3,0,"6:00",100
"Tyler Lewington",20212022,"BOS","R","D",2,0,0,0,-1,7,0,0,0,0,0,0,0,0,0,2,0,"12:27",NA
"Jonny Brodzinski",20212022,"NYR","R","C",5,0,0,0,1,2,0,0,0,0,0,0,0,0,0,3,0,"8:43",33.3
"Hudson Fasching",20212022,"ARI","R","R",7,0,0,0,-1,0,0,0,0,0,0,0,0,0,0,1,0,"8:39",100
"Mason Geertsen",20212022,"NJD","L","D",12,0,0,0,-4,43,0,0,0,0,0,0,0,0,0,4,0,"7:06",NA
"Remi Elie",20212022,"TBL","L","L",1,0,0,0,-2,0,0,0,0,0,0,0,0,0,0,2,0,"10:57",NA
"Dillon Heatherington",20212022,"OTT","L","D",9,0,0,0,-1,7,0,0,0,0,0,0,0,0,0,4,0,"12:20",NA
"Carl Dahlstrom",20212022,"TOR","L","D",1,0,0,0,1,2,0,0,0,0,0,0,0,0,0,0,NA,"12:30",NA
"Justin Bailey",20212022,"VAN","R","R",14,0,0,0,-5,6,0,0,0,0,0,0,0,0,0,16,0,"9:05",0
"Madison Bowey",20212022,"VAN","R","D",2,0,0,0,-3,0,0,0,0,0,0,0,0,0,0,0,NA,"15:44",NA
"Frederik Gauthier",20212022,"NJD","L","C",8,0,0,0,-1,0,0,0,0,0,0,0,0,0,0,4,0,"11:06",44
"Dakota Mermis",20212022,"MIN","L","D",2,0,0,0,2,0,0,0,0,0,0,0,0,0,0,1,0,"13:54",NA
"Brandon Baddock",20212022,"MTL","L","L",1,0,0,0,0,0,0,0,0,0,0,0,0,0,0,0,NA,"8:24",NA
"Michael Dal Colle",20212022,"NYI","L","L",1,0,0,0,1,0,0,0,0,0,0,0,0,0,0,2,0,"14:34",NA
"Ryan MacInnis",20212022,"BUF","L","C",1,0,0,0,0,0,0,0,0,0,0,0,0,0,0,2,0,"10:00",NA
"Chase DeLeo",20212022,"NJD","L","C",2,0,0,0,-1,0,0,0,0,0,0,0,0,0,0,2,0,"8:09",0
"Austin Poganski",20212022,"WPG","R","R",9,0,0,0,-2,5,0,0,0,0,0,0,0,0,0,6,0,"9:59",NA
"Clark Bishop",20212022,"OTT","L","C",7,0,0,0,-4,6,0,0,0,0,0,0,0,0,0,6,0,"8:06",60
"CJ Suess",20212022,"WPG","L","L",3,0,0,0,0,2,0,0,0,0,0,0,0,0,0,0,NA,"5:43",50
"Anthony Angello",20212022,"PIT","R","R",1,0,0,0,0,0,0,0,0,0,0,0,0,0,0,2,0,"5:19",NA
"Darren Raddysh",20212022,"TBL","R","D",2,0,0,0,-1,0,0,0,0,0,0,0,0,0,0,2,0,"11:26",NA
"A.J. Greer",20212022,"NJD","L","L",2,0,0,0,1,0,0,0,0,0,0,0,0,0,0,2,0,"8:32",0
"Brendan Guhle",20212022,"ANA","L","D",2,0,0,0,0,0,0,0,0,0,0,0,0,0,0,3,0,"13:42",NA
"Glenn Gawdin",20212022,"CGY","R","C",2,0,0,0,0,2,0,0,0,0,0,0,0,0,0,3,0,"9:15",27.3
"Noah Juulsen",20212022,"VAN","R","D",5,0,0,0,-3,0,0,0,0,0,0,0,0,0,0,3,0,"14:16",NA
"Guillaume Brisebois",20212022,"VAN","L","D",1,0,0,0,-1,0,0,0,0,0,0,0,0,0,0,0,NA,"4:13",NA
"Blake Speers",20212022,"ARI","R","C",2,0,0,0,-3,2,0,0,0,0,0,0,0,0,0,1,0,"9:10",54.6
"Kevin Stenlund",20212022,"CBJ","R","C",3,0,0,0,0,2,0,0,0,0,0,0,0,0,0,3,0,"7:32",100
"Christian Jaros",20212022,"NJD","R","D",11,0,0,0,-4,2,0,0,0,0,0,0,0,0,0,9,0,"11:01",NA
"Brett Seney",20212022,"TOR","L","L",2,0,0,0,0,0,0,0,0,0,0,0,0,0,0,1,0,"7:01",0
"Kole Sherwood",20212022,"NSH","R","R",1,0,0,0,0,0,0,0,0,0,0,0,0,0,0,2,0,"8:08",NA
"Dan Renouf",20212022,"DET","L","D",4,0,0,0,-2,7,0,0,0,0,0,0,0,0,0,3,0,"14:00",NA
"Joey Anderson",20212022,"TOR","R","R",4,0,0,0,-1,0,0,0,0,0,0,0,0,0,0,8,0,"7:47",NA
"Maxime Lajoie",20212022,"CAR","L","D",5,0,0,0,2,0,0,0,0,0,0,0,0,0,0,6,0,"12:32",NA
"Wade Allison",20212022,"PHI","R","R",1,0,0,0,-1,0,0,0,0,0,0,0,0,0,0,2,0,"8:16",NA
"Markus Niemelainen",20212022,"EDM","L","D",7,0,0,0,-2,2,0,0,0,0,0,0,0,0,0,3,0,"14:00",NA
"Olli Juolevi",20212022,"FLA","L","D",9,0,0,0,1,2,0,0,0,0,0,0,0,0,0,9,0,"12:31",NA
"Riley Tufte",20212022,"DAL","L","L",5,0,0,0,-1,0,0,0,0,0,0,0,0,0,0,2,0,"7:19",50
"Tim Gettinger",20212022,"NYR","L","L",5,0,0,0,1,0,0,0,0,0,0,0,0,0,0,2,0,"9:35",NA
"Max Jones",20212022,"ANA","L","L",2,0,0,0,-1,15,0,0,0,0,0,0,0,0,0,2,0,"9:54",50
"Connor Bunnaman",20212022,"PHI","L","C",11,0,0,0,-4,2,0,0,0,0,0,0,0,0,0,9,0,"9:46",56.1
"Sean Day",20212022,"TBL","L","D",2,0,0,0,-2,0,0,0,0,0,0,0,0,0,0,2,0,"10:43",NA
"Jacob MacDonald",20212022,"COL","L","D",7,0,0,0,-2,2,0,0,0,0,0,0,0,0,0,11,0,"8:43",NA
"Anthony Greco",20212022,"NYR","R","R",1,0,0,0,0,0,0,0,0,0,0,0,0,0,0,5,0,"9:44",NA
"Mikhail Maltsev",20212022,"COL","L","L",18,0,0,0,-5,2,0,0,0,0,0,0,0,0,0,23,0,"8:04",57.9
"Rhett Gardner",20212022,"DAL","L","C",4,0,0,0,-1,0,0,0,0,0,0,0,0,0,0,0,NA,"8:06",45.5
"Chase Priskie",20212022,"FLA","R","D",4,0,0,0,2,2,0,0,0,0,0,0,0,0,0,4,0,"14:00",NA
"Jeremy Davies",20212022,"NSH","L","D",1,0,0,0,-2,2,0,0,0,0,0,0,0,0,0,3,0,"12:30",NA
"Michael Carcone",20212022,"ARI","L","L",1,0,0,0,-1,0,0,0,0,0,0,0,0,0,0,4,0,"10:27",NA
"Kristians Rubins",20212022,"TOR","L","D",3,0,0,0,-2,4,0,0,0,0,0,0,0,0,0,5,0,"11:45",NA
"Mason Shaw",20212022,"MIN","L","C",2,0,0,0,-2,0,0,0,0,0,0,0,0,0,0,3,0,"8:54",33.3
"Conor Timmins",20212022,"ARI","R","D",6,0,0,0,-6,0,0,0,0,0,0,0,0,0,0,5,0,"17:45",NA
"Cale Fleury",20212022,"SEA","R","D",2,0,0,0,-1,0,0,0,0,0,0,0,0,0,0,2,0,"12:59",NA
"Jaret Anderson-Dolan",20212022,"LAK","L","C",2,0,0,0,-1,0,0,0,0,0,0,0,0,0,0,1,0,"12:24",56.3
"Cody Glass",20212022,"NSH","R","C",4,0,0,0,0,0,0,0,0,0,0,0,0,0,0,5,0,"12:19",26.9
"Isaac Ratcliffe",20212022,"PHI","L","L",2,0,0,0,0,0,0,0,0,0,0,0,0,0,0,3,0,"8:15",NA
"Aleksi Heponiemi",20212022,"FLA","L","C",4,0,0,0,-4,0,0,0,0,0,0,0,0,0,0,5,0,"12:40",40
"Dmitri Samorukov",20212022,"EDM","L","D",1,0,0,0,-2,0,0,0,0,0,0,0,0,0,0,0,NA,"2:28",NA
"Jack Rathbone",20212022,"VAN","L","D",9,0,0,0,-5,2,0,0,0,0,0,0,0,0,0,10,0,"13:49",NA
"Pierre-Olivier Joseph",20212022,"PIT","L","D",4,0,0,0,-2,2,0,0,0,0,0,0,0,0,0,7,0,"18:14",NA
"Scott Reedy",20212022,"SJS","R","C",5,0,0,0,-2,0,0,0,0,0,0,0,0,0,0,2,0,"10:27",30
"C.J. Smith",20212022,"CAR","L","L",1,0,0,0,-1,0,0,0,0,0,0,0,0,0,0,0,NA,"9:22",NA
"Fabian Zetterlund",20212022,"NJD","R","L",3,0,0,0,1,0,0,0,0,0,0,0,0,0,0,3,0,"6:35",100
"Johnathan Kovacevic",20212022,"WPG","R","D",3,0,0,0,1,2,0,0,0,0,0,0,0,0,0,7,0,"11:25",NA
"Jakub Galvas",20212022,"CHI","L","D",3,0,0,0,1,0,0,0,0,0,0,0,0,0,0,4,0,"20:09",NA
"Ben Jones",20212022,"VGK","L","C",2,0,0,0,0,2,0,0,0,0,0,0,0,0,0,1,0,"8:03",NA
"Alexei Toropchenko",20212022,"STL","L","R",5,0,0,0,-1,2,0,0,0,0,0,0,0,0,0,7,0,"9:23",0
"Wyatt Kalynuk",20212022,"CHI","L","D",5,0,0,0,-3,2,0,0,0,0,0,0,0,0,0,1,0,"12:00",NA
"Grant Hutton",20212022,"NYI","R","D",5,0,0,0,0,0,0,0,0,0,0,0,0,0,0,7,0,"15:16",NA
"Sheldon Dries",20212022,"VAN","L","C",2,0,0,0,0,0,0,0,0,0,0,0,0,0,0,1,0,"9:35",33.3
"Alexander True",20212022,"SEA","L","C",8,0,0,0,-2,2,0,0,0,0,0,0,0,0,0,6,0,"8:15",44.4
"Joey Keane",20212022,"CAR","R","D",1,0,0,0,0,2,0,0,0,0,0,0,0,0,0,1,0,"13:38",NA
"Mattias Samuelsson",20212022,"BUF","L","D",8,0,0,0,-1,4,0,0,0,0,0,0,0,0,0,8,0,"18:59",NA
"Nicolas Beaudin",20212022,"CHI","L","D",2,0,0,0,-1,0,0,0,0,0,0,0,0,0,0,1,0,"6:10",NA
"Martin Kaut",20212022,"COL","R","R",6,0,0,0,2,0,0,0,0,0,0,0,0,0,0,1,0,"8:49",NA
"Alexander Alexeyev",20212022,"WSH","L","D",1,0,0,0,0,2,0,0,0,0,0,0,0,0,0,0,NA,"10:35",NA
"Grigori Denisenko",20212022,"FLA","R","L",1,0,0,0,0,2,0,0,0,0,0,0,0,0,0,3,0,"15:30",NA
"Sampo Ranta",20212022,"COL","L","L",10,0,0,0,-4,2,0,0,0,0,0,0,0,0,0,9,0,"10:54",50
"Ty Dellandrea",20212022,"DAL","R","C",1,0,0,0,-1,0,0,0,0,0,0,0,0,0,0,1,0,"10:37",33.3
