"player","game_date","team","s_c","pos","gp","g","a","p","x","pim","p_gp","evg","evp","ppg","ppp","shg","shp","otg","gwg","s","s_percent","toi_gp","fow_percent"
"Patrik Laine","2022-02-08","CBJ","R","L",1,2,1,3,-1,0,3,0,1,2,2,0,0,0,0,5,40,"17:39",NA
"Oliver Ekman-Larsson","2022-02-08","VAN","L","D",1,0,3,3,0,0,3,0,2,0,1,0,0,0,0,2,0,"22:04",NA
"David Pastrnak","2022-02-08","BOS","R","R",1,2,0,2,-1,0,2,1,1,1,1,0,0,0,0,4,50,"19:05",NA
"Danton Heinen","2022-02-08","PIT","L","L",1,2,0,2,2,0,2,2,2,0,0,0,0,0,0,3,66.7,"14:55",NA
"Michael McLeod","2022-02-08","NJD","R","C",1,2,0,2,2,0,2,2,2,0,0,0,0,0,0,2,100,"16:37",68.4
"Brady Tkachuk","2022-02-08","OTT","L","L",1,2,0,2,1,0,2,2,2,0,0,0,0,0,0,7,28.6,"21:05",66.7
"Reilly Smith","2022-02-08","VGK","L","R",1,1,1,2,3,0,2,1,1,0,0,0,1,0,0,2,50,"15:02",NA
"Nic Dowd","2022-02-08","WSH","R","C",1,1,1,2,1,0,2,1,2,0,0,0,0,0,0,3,33.3,"14:47",94.4
"Bryan Rust","2022-02-08","PIT","R","R",1,1,1,2,1,0,2,1,1,0,1,0,0,0,0,4,25,"20:02",NA
"Boone Jenner","2022-02-08","CBJ","L","C",1,1,1,2,-1,0,2,1,1,0,1,0,0,0,1,4,25,"22:38",28.6
"William Karlsson","2022-02-08","VGK","L","C",1,1,1,2,2,0,2,0,1,0,0,1,1,0,0,2,50,"15:06",55.6
"J.T. Miller","2022-02-08","VAN","L","C",1,1,1,2,1,0,2,1,1,0,1,0,0,0,0,3,33.3,"22:01",73.3
"Bo Horvat","2022-02-08","VAN","L","C",1,1,1,2,1,0,2,0,0,1,2,0,0,0,1,2,50,"19:26",68.8
"Pavel Zacha","2022-02-08","NJD","L","C",1,1,1,2,0,0,2,0,1,1,1,0,0,0,0,2,50,"13:30",71.4
"Jesper Boqvist","2022-02-08","NJD","L","C",1,1,1,2,2,0,2,1,2,0,0,0,0,0,0,2,50,"13:41",40
"Elias Pettersson","2022-02-08","VAN","L","C",1,1,1,2,1,0,2,1,1,0,1,0,0,0,0,1,100,"14:36",60
"Adam Boqvist","2022-02-08","CBJ","R","D",1,1,1,2,1,0,2,1,1,0,1,0,0,0,0,1,100,"13:40",NA
"Dawson Mercer","2022-02-08","NJD","R","C",1,1,1,2,2,0,2,1,2,0,0,0,0,0,1,4,25,"16:03",25
"Carl Hagelin","2022-02-08","WSH","L","L",1,0,2,2,1,0,2,0,2,0,0,0,0,0,0,1,0,"15:09",100
"Nick Holden","2022-02-08","OTT","L","D",1,0,2,2,2,2,2,0,2,0,0,0,0,0,0,1,0,"18:48",NA
"Gustav Nyquist","2022-02-08","CBJ","L","C",1,0,2,2,0,0,2,0,2,0,0,0,0,0,0,2,0,"17:25",100
"Taylor Hall","2022-02-08","BOS","L","L",1,0,2,2,-1,2,2,0,1,0,1,0,0,0,0,5,0,"15:37",NA
"Damon Severson","2022-02-08","NJD","R","D",1,0,2,2,1,2,2,0,1,0,1,0,0,0,0,2,0,"20:01",NA
"Jake Guentzel","2022-02-08","PIT","L","L",1,0,2,2,1,0,2,0,1,0,1,0,0,0,0,1,0,"21:51",NA
"Ryan Graves","2022-02-08","NJD","L","D",1,0,2,2,2,0,2,0,2,0,0,0,0,0,0,5,0,"21:00",NA
"Max Domi","2022-02-08","CBJ","L","C",1,0,2,2,2,0,2,0,2,0,0,0,0,0,0,0,NA,"14:40",NA
"Kyle Connor","2022-02-08","WPG","L","L",1,0,2,2,1,0,2,0,1,0,1,0,0,0,0,3,0,"22:02",NA
"Noah Juulsen","2022-02-08","VAN","R","D",1,0,2,2,1,0,2,0,2,0,0,0,0,0,0,1,0,"18:25",NA
"Ty Smith","2022-02-08","NJD","L","D",1,0,2,2,2,0,2,0,2,0,0,0,0,0,0,1,0,"19:42",NA
"Tim St√ºtzle","2022-02-08","OTT","L","L",1,0,2,2,2,0,2,0,2,0,0,0,0,0,0,1,0,"20:44",25
"Sidney Crosby","2022-02-08","PIT","L","C",1,1,0,1,1,2,1,0,0,1,1,0,0,0,1,5,20,"22:27",45.8
"Brendan Smith","2022-02-08","CAR","L","D",1,1,0,1,1,0,1,1,1,0,0,0,0,0,0,3,33.3,"11:59",NA
"Alex Pietrangelo","2022-02-08","VGK","R","D",1,1,0,1,2,0,1,1,1,0,0,0,0,0,0,3,33.3,"23:08",NA
"Tomas Tatar","2022-02-08","NJD","L","L",1,1,0,1,0,0,1,1,1,0,0,0,0,0,0,1,100,"14:26",NA
"Evgeny Kuznetsov","2022-02-08","WSH","L","C",1,1,0,1,1,0,1,0,0,1,1,0,0,0,0,3,33.3,"16:58",50
"Vincent Trocheck","2022-02-08","CAR","R","C",1,1,0,1,0,2,1,1,1,0,0,0,0,0,0,4,25,"20:15",31.6
"Mark Scheifele","2022-02-08","WPG","R","C",1,1,0,1,0,0,1,0,0,1,1,0,0,0,1,3,33.3,"24:47",70
"Tom Wilson","2022-02-08","WSH","R","R",1,1,0,1,1,0,1,1,1,0,0,0,0,0,0,1,100,"20:18",NA
"Chris Tierney","2022-02-08","OTT","L","C",1,1,0,1,1,0,1,1,1,0,0,0,0,0,1,3,33.3,"11:44",100
"Brett Kulak","2022-02-08","MTL","L","D",1,1,0,1,-3,0,1,1,1,0,0,0,0,0,0,2,50,"18:48",NA
"Nate Schmidt","2022-02-08","WPG","L","D",1,1,0,1,1,0,1,1,1,0,0,0,0,0,0,2,50,"24:14",NA
"Garnet Hathaway","2022-02-08","WSH","R","R",1,1,0,1,1,0,1,1,1,0,0,0,0,0,0,3,33.3,"13:28",0
"Brock Boeser","2022-02-08","VAN","R","R",1,1,0,1,0,0,1,0,0,1,1,0,0,0,0,3,33.3,"13:39",NA
"Lawson Crouse","2022-02-08","ARI","L","L",1,1,0,1,0,5,1,1,1,0,0,0,0,0,0,1,100,"15:06",NA
"Conor Garland","2022-02-08","VAN","R","R",1,1,0,1,0,0,1,1,1,0,0,0,0,0,0,5,20,"14:23",NA
"Brett Howden","2022-02-08","VGK","L","C",1,1,0,1,1,0,1,1,1,0,0,0,0,0,1,1,100,"12:45",50
"Nico Hischier","2022-02-08","NJD","L","C",1,1,0,1,1,0,1,1,1,0,0,0,0,0,0,2,50,"15:26",35.3
"Alex Formenton","2022-02-08","OTT","L","L",1,1,0,1,0,2,1,1,1,0,0,0,0,0,0,5,20,"17:38",NA
"Trey Fix-Wolansky","2022-02-08","CBJ","R","R",1,1,0,1,1,0,1,1,1,0,0,0,0,0,0,2,50,"5:23",NA
"Andrei Svechnikov","2022-02-08","CAR","L","R",1,1,0,1,0,0,1,1,1,0,0,0,0,0,0,6,16.7,"19:09",NA
"Patrice Bergeron","2022-02-08","BOS","R","C",1,0,1,1,0,0,1,0,0,0,1,0,0,0,0,6,0,"14:55",77.8
"Alex Ovechkin","2022-02-08","WSH","R","L",1,0,1,1,0,0,1,0,0,0,1,0,0,0,0,2,0,"21:49",NA
"Blake Wheeler","2022-02-08","WPG","R","R",1,0,1,1,0,0,1,0,0,0,1,0,0,0,0,2,0,"22:46",NA
"Anton Stralman","2022-02-08","ARI","R","D",1,0,1,1,-1,0,1,0,1,0,0,0,0,0,0,4,0,"17:12",NA
"Jordan Staal","2022-02-08","CAR","L","C",1,0,1,1,2,0,1,0,1,0,0,0,0,0,0,4,0,"17:42",72.7
"Jakub Voracek","2022-02-08","CBJ","L","R",1,0,1,1,-1,0,1,0,0,0,1,0,0,0,0,0,NA,"18:29",0
"John Carlson","2022-02-08","WSH","R","D",1,0,1,1,2,2,1,0,0,0,1,0,0,0,0,3,0,"23:33",NA
"Brayden McNabb","2022-02-08","VGK","L","D",1,0,1,1,1,0,1,0,1,0,0,0,0,0,0,0,NA,"25:42",NA
"Erik Haula","2022-02-08","BOS","L","L",1,0,1,1,0,0,1,0,1,0,0,0,0,0,0,3,0,"14:07",57.1
"Brenden Dillon","2022-02-08","WPG","L","D",1,0,1,1,1,5,1,0,1,0,0,0,0,0,0,0,NA,"19:24",NA
"Nino Niederreiter","2022-02-08","CAR","L","R",1,0,1,1,1,4,1,0,1,0,0,0,0,0,0,2,0,"14:51",NA
"Travis Boyd","2022-02-08","ARI","R","C",1,0,1,1,1,0,1,0,1,0,0,0,0,0,0,0,NA,"18:20",21.4
"Joel Armia","2022-02-08","MTL","R","R",1,0,1,1,-2,0,1,0,1,0,0,0,0,0,0,0,NA,"13:12",0
"Jonathan Marchessault","2022-02-08","VGK","R","C",1,0,1,1,2,0,1,0,1,0,0,0,0,0,0,2,0,"13:25",NA
"Mike Matheson","2022-02-08","PIT","L","D",1,0,1,1,0,2,1,0,1,0,0,0,0,0,0,1,0,"15:58",NA
"Brock McGinn","2022-02-08","PIT","L","L",1,0,1,1,0,0,1,0,1,0,0,0,0,0,0,2,0,"17:09",0
"Jaccob Slavin","2022-02-08","CAR","L","D",1,0,1,1,1,0,1,0,1,0,0,0,0,0,0,5,0,"25:23",NA
"Connor Brown","2022-02-08","OTT","R","R",1,0,1,1,0,0,1,0,1,0,0,0,0,0,0,0,NA,"23:01",0
"Andreas Johnsson","2022-02-08","NJD","L","L",1,0,1,1,2,0,1,0,1,0,0,0,0,0,0,0,NA,"15:42",NA
"Oliver Bjorkstrand","2022-02-08","CBJ","R","R",1,0,1,1,-1,0,1,0,0,0,1,0,0,0,0,1,0,"15:19",NA
"Nick Paul","2022-02-08","OTT","L","L",1,0,1,1,0,0,1,0,1,0,0,0,0,0,0,2,0,"17:11",57.9
"Shea Theodore","2022-02-08","VGK","L","D",1,0,1,1,2,2,1,0,1,0,0,0,0,0,0,1,0,"22:32",NA
"William Carrier","2022-02-08","VGK","L","L",1,0,1,1,1,0,1,0,1,0,0,0,0,0,0,0,NA,"10:46",NA
"Tony DeAngelo","2022-02-08","CAR","R","D",1,0,1,1,1,4,1,0,1,0,0,0,0,0,0,3,0,"23:45",NA
"Sebastian Aho","2022-02-08","CAR","L","C",1,0,1,1,0,0,1,0,1,0,0,0,0,0,0,5,0,"22:38",41.7
"Jack Roslovic","2022-02-08","CBJ","R","C",1,0,1,1,2,0,1,0,1,0,0,0,0,0,0,0,NA,"9:20",20
"John Marino","2022-02-08","PIT","R","D",1,0,1,1,1,0,1,0,1,0,0,0,0,0,0,1,0,"19:09",NA
"Evan Rodrigues","2022-02-08","PIT","R","C",1,0,1,1,1,0,1,0,1,0,0,0,0,0,0,2,0,"15:56",50
"Colton White","2022-02-08","NJD","L","D",1,0,1,1,1,0,1,0,1,0,0,0,0,0,0,2,0,"15:16",NA
"Jesper Bratt","2022-02-08","NJD","L","L",1,0,1,1,0,0,1,0,0,0,1,0,0,0,0,3,0,"14:59",NA
"Ryan Poehling","2022-02-08","MTL","L","C",1,0,1,1,-1,0,1,0,1,0,0,0,0,0,0,2,0,"14:50",33.3
"Martin Fehervary","2022-02-08","WSH","L","D",1,0,1,1,2,0,1,0,1,0,0,0,0,0,0,2,0,"18:57",NA
"Yegor Sharangovich","2022-02-08","NJD","L","C",1,0,1,1,1,0,1,0,1,0,0,0,0,0,0,2,0,"15:54",0
"Nils Hoglander","2022-02-08","VAN","L","L",1,0,1,1,1,2,1,0,1,0,0,0,0,0,0,1,0,"10:48",NA
"Vasily Podkolzin","2022-02-08","VAN","L","R",1,0,1,1,2,2,1,0,1,0,0,0,0,0,0,2,0,"12:34",100
"Duncan Keith","2022-02-08","EDM","L","D",1,0,0,0,0,0,0,0,0,0,0,0,0,0,0,0,NA,"18:42",NA
"Jeff Carter","2022-02-08","PIT","R","C",1,0,0,0,0,0,0,0,0,0,0,0,0,0,0,3,0,"16:11",53.3
"Brian Boyle","2022-02-08","PIT","L","C",1,0,0,0,0,0,0,0,0,0,0,0,0,0,0,0,NA,"9:33",28.6
"Loui Eriksson","2022-02-08","ARI","L","L",1,0,0,0,-1,0,0,0,0,0,0,0,0,0,0,0,NA,"14:20",100
"Andrew Ladd","2022-02-08","ARI","L","L",1,0,0,0,0,0,0,0,0,0,0,0,0,0,0,3,0,"16:46",NA
"Alex Goligoski","2022-02-08","MIN","L","D",1,0,0,0,0,0,0,0,0,0,0,0,0,0,0,0,NA,"20:27",NA
"Paul Stastny","2022-02-08","WPG","L","C",1,0,0,0,0,0,0,0,0,0,0,0,0,0,0,0,NA,"21:43",71.4
"Kris Letang","2022-02-08","PIT","R","D",1,0,0,0,0,0,0,0,0,0,0,0,0,0,0,1,0,"26:36",NA
"Brad Marchand","2022-02-08","BOS","L","L",1,0,0,0,-1,7,0,0,0,0,0,0,0,0,0,5,0,"21:48",NA
"Nick Foligno","2022-02-08","BOS","L","L",1,0,0,0,0,0,0,0,0,0,0,0,0,0,0,3,0,"10:22",NA
"Jeff Petry","2022-02-08","MTL","R","D",1,0,0,0,-4,2,0,0,0,0,0,0,0,0,0,0,NA,"18:48",NA
"Phil Kessel","2022-02-08","ARI","R","R",1,0,0,0,0,2,0,0,0,0,0,0,0,0,0,4,0,"17:56",NA
"Nicklas Backstrom","2022-02-08","WSH","L","C",1,0,0,0,0,2,0,0,0,0,0,0,0,0,0,4,0,"19:25",45.8
"Paul Byron","2022-02-08","MTL","L","L",1,0,0,0,-3,0,0,0,0,0,0,0,0,0,0,1,0,"12:41",0
"P.K. Subban","2022-02-08","NJD","R","D",1,0,0,0,2,2,0,0,0,0,0,0,0,0,0,0,NA,"19:46",NA
"Riley Nash","2022-02-08","ARI","R","C",1,0,0,0,0,2,0,0,0,0,0,0,0,0,0,1,0,"11:22",11.1
"Evgenii Dadonov","2022-02-08","VGK","L","R",1,0,0,0,0,0,0,0,0,0,0,0,0,0,0,3,0,"14:59",NA
"Max Pacioretty","2022-02-08","VGK","L","L",1,0,0,0,0,2,0,0,0,0,0,0,0,0,0,1,0,"16:29",NA
"Lars Eller","2022-02-08","WSH","L","C",1,0,0,0,-2,0,0,0,0,0,0,0,0,0,0,1,0,"14:52",55.6
"Luke Schenn","2022-02-08","VAN","R","D",1,0,0,0,2,0,0,0,0,0,0,0,0,0,0,1,0,"19:53",NA
"Tyler Myers","2022-02-08","VAN","R","D",1,0,0,0,2,0,0,0,0,0,0,0,0,0,0,1,0,"26:03",NA
"Tyler Ennis","2022-02-08","OTT","L","R",1,0,0,0,0,0,0,0,0,0,0,0,0,0,0,2,0,"9:41",NA
"Justin Schultz","2022-02-08","WSH","R","D",1,0,0,0,-2,0,0,0,0,0,0,0,0,0,0,1,0,"16:43",NA
"Derek Stepan","2022-02-08","CAR","R","C",1,0,0,0,-1,2,0,0,0,0,0,0,0,0,0,0,NA,"9:08",57.1
"Jared Spurgeon","2022-02-08","MIN","R","D",1,0,0,0,0,0,0,0,0,0,0,0,0,0,0,4,0,"22:17",NA
"Jordie Benn","2022-02-08","MIN","L","D",1,0,0,0,0,0,0,0,0,0,0,0,0,0,0,2,0,"19:33",NA
"Antoine Roussel","2022-02-08","ARI","L","L",1,0,0,0,0,0,0,0,0,0,0,0,0,0,0,3,0,"11:02",0
"Mike Hoffman","2022-02-08","MTL","L","C",1,0,0,0,0,0,0,0,0,0,0,0,0,0,0,2,0,"18:56",NA
"Alex Chiasson","2022-02-08","VAN","R","R",1,0,0,0,0,0,0,0,0,0,0,0,0,0,0,0,NA,"10:39",NA
"Evander Kane","2022-02-08","EDM","L","L",1,0,0,0,0,0,0,0,0,0,0,0,0,0,0,5,0,"19:16",NA
"Zack Kassian","2022-02-08","EDM","R","R",1,0,0,0,0,0,0,0,0,0,0,0,0,0,0,3,0,"15:03",NA
"Dmitry Kulikov","2022-02-08","MIN","L","D",1,0,0,0,-1,0,0,0,0,0,0,0,0,0,0,2,0,"17:03",NA
"Tyson Barrie","2022-02-08","EDM","R","D",1,0,0,0,-2,0,0,0,0,0,0,0,0,0,0,2,0,"14:51",NA
"Dmitry Orlov","2022-02-08","WSH","L","D",1,0,0,0,-2,0,0,0,0,0,0,0,0,0,0,4,0,"24:01",NA
"Brian Dumoulin","2022-02-08","PIT","L","D",1,0,0,0,1,0,0,0,0,0,0,0,0,0,0,0,NA,"25:56",NA
"Marcus Foligno","2022-02-08","MIN","L","L",1,0,0,0,0,12,0,0,0,0,0,0,0,0,0,0,NA,"12:59",NA
"Craig Smith","2022-02-08","BOS","R","C",1,0,0,0,-1,2,0,0,0,0,0,0,0,0,0,3,0,"16:31",NA
"Chris Wideman","2022-02-08","MTL","R","D",1,0,0,0,-1,2,0,0,0,0,0,0,0,0,0,2,0,"15:17",NA
"Ben Chiarot","2022-02-08","MTL","L","D",1,0,0,0,-1,0,0,0,0,0,0,0,0,0,0,2,0,"21:38",NA
"Nick Jensen","2022-02-08","WSH","R","D",1,0,0,0,0,0,0,0,0,0,0,0,0,0,0,2,0,"16:00",NA
"Mats Zuccarello","2022-02-08","MIN","L","R",1,0,0,0,-1,0,0,0,0,0,0,0,0,0,0,1,0,"20:26",NA
"Tyler Toffoli","2022-02-08","MTL","R","R",1,0,0,0,0,0,0,0,0,0,0,0,0,0,0,4,0,"15:47",NA
"Charlie Coyle","2022-02-08","BOS","R","C",1,0,0,0,-2,2,0,0,0,0,0,0,0,0,0,1,0,"17:17",37.5
"Jon Merrill","2022-02-08","MIN","L","D",1,0,0,0,0,0,0,0,0,0,0,0,0,0,0,1,0,"16:18",NA
"Derek Forbort","2022-02-08","BOS","L","D",1,0,0,0,-1,0,0,0,0,0,0,0,0,0,0,0,NA,"15:29",NA
"Austin Watson","2022-02-08","OTT","R","L",1,0,0,0,-2,0,0,0,0,0,0,0,0,0,0,1,0,"14:12",NA
"Zach Hyman","2022-02-08","EDM","R","L",1,0,0,0,-2,0,0,0,0,0,0,0,0,0,0,0,NA,"16:09",75
"Brendan Gallagher","2022-02-08","MTL","R","R",1,0,0,0,-1,0,0,0,0,0,0,0,0,0,0,3,0,"16:02",0
"Jesper Fast","2022-02-08","CAR","R","R",1,0,0,0,1,0,0,0,0,0,0,0,0,0,0,1,0,"13:16",NA
"Mark Stone","2022-02-08","VGK","R","R",1,0,0,0,0,0,0,0,0,0,0,0,0,0,0,2,0,"15:44",NA
"Ryan Dzingel","2022-02-08","ARI","L","C",1,0,0,0,0,0,0,0,0,0,0,0,0,0,0,0,NA,"11:57",72.7
"Dylan DeMelo","2022-02-08","WPG","R","D",1,0,0,0,0,0,0,0,0,0,0,0,0,0,0,2,0,"22:47",NA
"Sean Kuraly","2022-02-08","CBJ","L","C",1,0,0,0,0,4,0,0,0,0,0,0,0,0,0,2,0,"16:29",40
"Adam Lowry","2022-02-08","WPG","L","C",1,0,0,0,1,10,0,0,0,0,0,0,0,0,0,1,0,"12:07",77.8
"Josh Leivo","2022-02-08","CAR","R","L",1,0,0,0,-1,0,0,0,0,0,0,0,0,0,0,0,NA,"8:23",NA
"Mike Reilly","2022-02-08","BOS","L","D",1,0,0,0,-1,0,0,0,0,0,0,0,0,0,0,3,0,"17:59",NA
"Ryan Nugent-Hopkins","2022-02-08","EDM","L","C",1,0,0,0,-3,0,0,0,0,0,0,0,0,0,0,1,0,"18:26",33.3
"Jonas Brodin","2022-02-08","MIN","L","D",1,0,0,0,-1,0,0,0,0,0,0,0,0,0,0,1,0,"20:58",NA
"Brad Hunt","2022-02-08","VAN","L","D",1,0,0,0,0,0,0,0,0,0,0,0,0,0,0,0,NA,"17:53",NA
"Alex Galchenyuk","2022-02-08","ARI","L","C",1,0,0,0,-2,0,0,0,0,0,0,0,0,0,0,5,0,"10:58",36.4
"Brendan Gaunce","2022-02-08","CBJ","L","C",1,0,0,0,0,0,0,0,0,0,0,0,0,0,0,1,0,"6:32",NA
"Brady Skjei","2022-02-08","CAR","L","D",1,0,0,0,-3,0,0,0,0,0,0,0,0,0,0,1,0,"22:36",NA
"Tanner Pearson","2022-02-08","VAN","L","L",1,0,0,0,0,0,0,0,0,0,0,0,0,0,0,3,0,"11:27",NA
"Cody Ceci","2022-02-08","EDM","R","D",1,0,0,0,-1,2,0,0,0,0,0,0,0,0,0,0,NA,"20:24",NA
"Matt Grzelcyk","2022-02-08","BOS","L","D",1,0,0,0,1,0,0,0,0,0,0,0,0,0,0,2,0,"21:29",NA
"Chandler Stephenson","2022-02-08","VGK","L","C",1,0,0,0,0,2,0,0,0,0,0,0,0,0,0,1,0,"17:27",61.5
"Shayne Gostisbehere","2022-02-08","ARI","L","D",1,0,0,0,0,0,0,0,0,0,0,0,0,0,0,1,0,"20:02",NA
"Devin Shore","2022-02-08","EDM","L","C",1,0,0,0,0,0,0,0,0,0,0,0,0,0,0,0,NA,"9:54",25
"Jimmy Vesey","2022-02-08","NJD","L","L",1,0,0,0,1,0,0,0,0,0,0,0,0,0,0,1,0,"13:42",100
"Jordan Martinook","2022-02-08","CAR","L","L",1,0,0,0,-1,0,0,0,0,0,0,0,0,0,0,1,0,"10:17",NA
"Dominic Toninato","2022-02-08","WPG","L","C",1,0,0,0,0,0,0,0,0,0,0,0,0,0,0,0,NA,"8:40",75
"Josh Anderson","2022-02-08","MTL","R","R",1,0,0,0,-1,0,0,0,0,0,0,0,0,0,0,0,NA,"13:27",100
"Ben Hutton","2022-02-08","VGK","L","D",1,0,0,0,1,0,0,0,0,0,0,0,0,0,0,2,0,"18:09",NA
"Chad Ruhwedel","2022-02-08","PIT","R","D",1,0,0,0,1,0,0,0,0,0,0,0,0,0,0,1,0,"13:41",NA
"Kyle Burroughs","2022-02-08","VAN","R","D",1,0,0,0,-1,5,0,0,0,0,0,0,0,0,0,2,0,"14:49",NA
"Tyler Motte","2022-02-08","VAN","L","C",1,0,0,0,1,2,0,0,0,0,0,0,0,0,0,2,0,"15:50",NA
"Connor Clifton","2022-02-08","BOS","R","D",1,0,0,0,-1,0,0,0,0,0,0,0,0,0,0,0,NA,"14:54",NA
"Josh Brown","2022-02-08","OTT","R","D",1,0,0,0,1,0,0,0,0,0,0,0,0,0,0,1,0,"14:36",NA
"Mattias Janmark","2022-02-08","VGK","L","C",1,0,0,0,0,2,0,0,0,0,0,0,0,0,0,2,0,"15:15",50
"Mason Geertsen","2022-02-08","NJD","L","D",1,0,0,0,2,0,0,0,0,0,0,0,0,0,0,1,0,"11:45",NA
"Andrew Copp","2022-02-08","WPG","L","C",1,0,0,0,1,0,0,0,0,0,0,0,0,0,0,5,0,"19:12",72.2
"Jason Dickinson","2022-02-08","VAN","L","C",1,0,0,0,-1,2,0,0,0,0,0,0,0,0,0,0,NA,"12:58",NA
"Ryan Hartman","2022-02-08","MIN","R","R",1,0,0,0,0,2,0,0,0,0,0,0,0,0,0,2,0,"21:50",21.4
"Laurent Dauphin","2022-02-08","MTL","L","C",1,0,0,0,-1,0,0,0,0,0,0,0,0,0,0,1,0,"13:59",50
"Artturi Lehkonen","2022-02-08","MTL","L","L",1,0,0,0,-1,0,0,0,0,0,0,0,0,0,0,0,NA,"15:43",100
"Zach Sanford","2022-02-08","OTT","L","L",1,0,0,0,0,0,0,0,0,0,0,0,0,0,0,1,0,"13:57",NA
"Brett Pesce","2022-02-08","CAR","R","D",1,0,0,0,-3,0,0,0,0,0,0,0,0,0,0,4,0,"19:38",NA
"Darnell Nurse","2022-02-08","EDM","L","D",1,0,0,0,-3,2,0,0,0,0,0,0,0,0,0,0,NA,"25:12",NA
"Josh Morrissey","2022-02-08","WPG","L","D",1,0,0,0,0,0,0,0,0,0,0,0,0,0,0,2,0,"27:41",NA
"Curtis Lazar","2022-02-08","BOS","R","C",1,0,0,0,0,0,0,0,0,0,0,0,0,0,0,1,0,"11:35",0
"Conor Sheary","2022-02-08","WSH","L","L",1,0,0,0,-1,0,0,0,0,0,0,0,0,0,0,0,NA,"16:50",NA
"Trevor van Riemsdyk","2022-02-08","WSH","R","D",1,0,0,0,-1,2,0,0,0,0,0,0,0,0,0,1,0,"14:37",NA
"Frederick Gaudreau","2022-02-08","MIN","R","C",1,0,0,0,0,0,0,0,0,0,0,0,0,0,0,1,0,"14:38",45.5
"Tomas Nosek","2022-02-08","BOS","L","L",1,0,0,0,0,0,0,0,0,0,0,0,0,0,0,2,0,"14:33",50
"Leon Draisaitl","2022-02-08","EDM","L","C",1,0,0,0,-2,0,0,0,0,0,0,0,0,0,0,3,0,"18:13",33.3
"Kevin Fiala","2022-02-08","MIN","L","L",1,0,0,0,0,0,0,0,0,0,0,0,0,0,0,1,0,"17:34",NA
"Nick Schmaltz","2022-02-08","ARI","R","C",1,0,0,0,-1,0,0,0,0,0,0,0,0,0,0,1,0,"16:46",100
"Kasperi Kapanen","2022-02-08","PIT","R","R",1,0,0,0,-1,0,0,0,0,0,0,0,0,0,0,1,0,"11:13",NA
"Marcus Pettersson","2022-02-08","PIT","L","D",1,0,0,0,1,0,0,0,0,0,0,0,0,0,0,0,NA,"13:52",NA
"Juho Lammikko","2022-02-08","VAN","L","L",1,0,0,0,0,2,0,0,0,0,0,0,0,0,0,0,NA,"12:40",20
"Warren Foegele","2022-02-08","EDM","L","L",1,0,0,0,0,0,0,0,0,0,0,0,0,0,0,2,0,"10:12",NA
"William Lagesson","2022-02-08","EDM","L","D",1,0,0,0,0,0,0,0,0,0,0,0,0,0,0,1,0,"11:48",NA
"Dysin Mayo","2022-02-08","ARI","R","D",1,0,0,0,0,0,0,0,0,0,0,0,0,0,0,0,NA,"17:02",NA
"Jake Evans","2022-02-08","MTL","R","C",1,0,0,0,-4,0,0,0,0,0,0,0,0,0,0,5,0,"14:02",58.3
"Jonas Siegenthaler","2022-02-08","NJD","L","D",1,0,0,0,2,0,0,0,0,0,0,0,0,0,0,4,0,"22:29",NA
"Connor McDavid","2022-02-08","EDM","L","C",1,0,0,0,-2,0,0,0,0,0,0,0,0,0,0,2,0,"20:49",75
"Jordan Greenway","2022-02-08","MIN","L","L",1,0,0,0,0,7,0,0,0,0,0,0,0,0,0,0,NA,"13:34",NA
"Jansen Harkins","2022-02-08","WPG","L","C",1,0,0,0,0,0,0,0,0,0,0,0,0,0,0,1,0,"7:42",NA
"Evgeny Svechnikov","2022-02-08","WPG","L","L",1,0,0,0,0,2,0,0,0,0,0,0,0,0,0,2,0,"9:26",NA
"Christian Fischer","2022-02-08","ARI","R","R",1,0,0,0,0,0,0,0,0,0,0,0,0,0,0,1,0,"16:03",100
"Keegan Kolesar","2022-02-08","VGK","R","R",1,0,0,0,1,0,0,0,0,0,0,0,0,0,0,4,0,"10:33",NA
"Brandon Carlo","2022-02-08","BOS","R","D",1,0,0,0,-1,0,0,0,0,0,0,0,0,0,0,0,NA,"18:06",NA
"Ethan Bear","2022-02-08","CAR","R","D",1,0,0,0,1,0,0,0,0,0,0,0,0,0,0,1,0,"11:02",NA
"Zach Werenski","2022-02-08","CBJ","L","D",1,0,0,0,0,2,0,0,0,0,0,0,0,0,0,2,0,"24:16",NA
"Nicolas Roy","2022-02-08","VGK","R","C",1,0,0,0,1,0,0,0,0,0,0,0,0,0,0,1,0,"16:02",40
"Daniel Sprong","2022-02-08","WSH","R","R",1,0,0,0,0,0,0,0,0,0,0,0,0,0,0,2,0,"7:44",NA
"Thomas Chabot","2022-02-08","OTT","L","D",1,0,0,0,-1,2,0,0,0,0,0,0,0,0,0,3,0,"23:21",NA
"Joel Eriksson Ek","2022-02-08","MIN","L","C",1,0,0,0,0,2,0,0,0,0,0,0,0,0,0,2,0,"18:07",17.7
"Jake DeBrusk","2022-02-08","BOS","L","L",1,0,0,0,-1,2,0,0,0,0,0,0,0,0,0,4,0,"13:31",NA
"Dean Kukan","2022-02-08","CBJ","L","D",1,0,0,0,-1,2,0,0,0,0,0,0,0,0,0,1,0,"14:33",NA
"Derek Ryan","2022-02-08","EDM","R","C",1,0,0,0,0,0,0,0,0,0,0,0,0,0,0,2,0,"9:04",NA
"Kirill Kaprizov","2022-02-08","MIN","L","L",1,0,0,0,-1,0,0,0,0,0,0,0,0,0,0,7,0,"19:23",NA
"Dominik Simon","2022-02-08","PIT","L","C",1,0,0,0,0,0,0,0,0,0,0,0,0,0,0,0,NA,"6:02",NA
"Adam Gaudette","2022-02-08","OTT","R","C",1,0,0,0,1,0,0,0,0,0,0,0,0,0,0,1,0,"8:53",33.3
"Vladislav Gavrikov","2022-02-08","CBJ","L","D",1,0,0,0,1,0,0,0,0,0,0,0,0,0,0,2,0,"22:49",NA
"Steven Lorentz","2022-02-08","CAR","L","C",1,0,0,0,-1,0,0,0,0,0,0,0,0,0,0,1,0,"11:54",25
"Charlie McAvoy","2022-02-08","BOS","R","D",1,0,0,0,0,0,0,0,0,0,0,0,0,0,0,3,0,"25:09",NA
"Clayton Keller","2022-02-08","ARI","L","R",1,0,0,0,-2,0,0,0,0,0,0,0,0,0,0,5,0,"20:03",0
"Jesse Puljujarvi","2022-02-08","EDM","R","R",1,0,0,0,-2,0,0,0,0,0,0,0,0,0,0,2,0,"14:03",NA
"Jakob Chychrun","2022-02-08","ARI","L","D",1,0,0,0,-2,2,0,0,0,0,0,0,0,0,0,5,0,"24:36",NA
"Kale Clague","2022-02-08","MTL","L","D",1,0,0,0,0,0,0,0,0,0,0,0,0,0,0,1,0,"19:03",NA
"Andrew Peeke","2022-02-08","CBJ","R","D",1,0,0,0,-1,0,0,0,0,0,0,0,0,0,0,0,NA,"26:21",NA
"Nathan Bastian","2022-02-08","NJD","R","R",1,0,0,0,2,2,0,0,0,0,0,0,0,0,0,0,NA,"14:11",100
"Nikita Zaitsev","2022-02-08","OTT","R","D",1,0,0,0,-2,0,0,0,0,0,0,0,0,0,0,0,NA,"20:02",NA
"Brandon Duhaime","2022-02-08","MIN","L","R",1,0,0,0,0,0,0,0,0,0,0,0,0,0,0,1,0,"7:27",NA
"Oskar Steen","2022-02-08","BOS","R","C",1,0,0,0,-1,0,0,0,0,0,0,0,0,0,0,0,NA,"10:16",NA
"Dylan Gambrell","2022-02-08","OTT","R","C",1,0,0,0,-1,0,0,0,0,0,0,0,0,0,0,1,0,"10:43",20
"Dylan Coghlan","2022-02-08","VGK","R","D",1,0,0,0,1,0,0,0,0,0,0,0,0,0,0,1,0,"13:11",NA
"Zach Aston-Reese","2022-02-08","PIT","L","L",1,0,0,0,0,0,0,0,0,0,0,0,0,0,0,0,NA,"11:26",NA
"Gavin Bayreuther","2022-02-08","CBJ","L","D",1,0,0,0,0,0,0,0,0,0,0,0,0,0,0,0,NA,"14:07",NA
"Kailer Yamamoto","2022-02-08","EDM","R","R",1,0,0,0,-1,0,0,0,0,0,0,0,0,0,0,1,0,"14:19",NA
"Nicolas Hague","2022-02-08","VGK","L","D",1,0,0,0,1,0,0,0,0,0,0,0,0,0,0,0,NA,"15:45",NA
"Kristian Vesalainen","2022-02-08","WPG","L","L",1,0,0,0,0,0,0,0,0,0,0,0,0,0,0,0,NA,"8:27",NA
"Nick Suzuki","2022-02-08","MTL","R","C",1,0,0,0,-1,0,0,0,0,0,0,0,0,0,0,0,NA,"18:58",52.2
"Martin Necas","2022-02-08","CAR","R","C",1,0,0,0,0,0,0,0,0,0,0,0,0,0,0,2,0,"16:10",100
"Erik Brannstrom","2022-02-08","OTT","L","D",1,0,0,0,1,2,0,0,0,0,0,0,0,0,0,1,0,"16:04",NA
"Johnathan Kovacevic","2022-02-08","WPG","R","D",1,0,0,0,0,0,0,0,0,0,0,0,0,0,0,0,NA,"9:01",NA
"Mark Kastelic","2022-02-08","OTT","R","C",1,0,0,0,0,2,0,0,0,0,0,0,0,0,0,0,NA,"9:01",71.4
"Kristian Reichel","2022-02-08","WPG","R","C",1,0,0,0,0,0,0,0,0,0,0,0,0,0,0,2,0,"11:06",NA
"Ryan McLeod","2022-02-08","EDM","L","C",1,0,0,0,0,0,0,0,0,0,0,0,0,0,0,1,0,"15:03",25
"Evan Bouchard","2022-02-08","EDM","R","D",1,0,0,0,-2,0,0,0,0,0,0,0,0,0,0,3,0,"24:47",NA
"Ilya Lyubushkin","2022-02-08","ARI","R","D",1,0,0,0,-1,2,0,0,0,0,0,0,0,0,0,2,0,"17:24",NA
"Connor Dewar","2022-02-08","MIN","L","C",1,0,0,0,0,0,0,0,0,0,0,0,0,0,0,0,NA,"7:54",100
"Alexander Romanov","2022-02-08","MTL","L","D",1,0,0,0,-1,0,0,0,0,0,0,0,0,0,0,2,0,"21:04",NA
"Joe Snively","2022-02-08","WSH","L","C",1,0,0,0,0,0,0,0,0,0,0,0,0,0,0,0,NA,"12:26",NA
"Nico Sturm","2022-02-08","MIN","L","C",1,0,0,0,-1,0,0,0,0,0,0,0,0,0,0,0,NA,"9:48",33.3
"Cole Caufield","2022-02-08","MTL","R","R",1,0,0,0,0,0,0,0,0,0,0,0,0,0,0,4,0,"15:28",NA
"Matt Boldy","2022-02-08","MIN","L","L",1,0,0,0,-1,0,0,0,0,0,0,0,0,0,0,2,0,"14:51",NA
"Ville Heinola","2022-02-08","WPG","L","D",1,0,0,0,0,0,0,0,0,0,0,0,0,0,0,4,0,"11:05",NA
"Connor McMichael","2022-02-08","WSH","L","C",1,0,0,0,0,0,0,0,0,0,0,0,0,0,0,0,NA,"7:57",NA
"Seth Jarvis","2022-02-08","CAR","R","C",1,0,0,0,-1,0,0,0,0,0,0,0,0,0,0,2,0,"12:36",100
"Cole Perfetti","2022-02-08","WPG","L","C",1,0,0,0,0,0,0,0,0,0,0,0,0,0,0,0,NA,"15:50",0
"Radim Zohorna","2022-02-08","PIT","L","L",1,0,0,0,1,2,0,0,0,0,0,0,0,0,0,0,NA,"11:42",0
"Artem Zub","2022-02-08","OTT","R","D",1,0,0,0,1,0,0,0,0,0,0,0,0,0,0,1,0,"19:26",NA
"Yegor Chinakhov","2022-02-08","CBJ","L","R",1,0,0,0,0,0,0,0,0,0,0,0,0,0,0,2,0,"16:07",NA
"Janis Moser","2022-02-08","ARI","L","D",1,0,0,0,-1,0,0,0,0,0,0,0,0,0,0,0,NA,"17:57",NA
"Cole Sillinger","2022-02-08","CBJ","L","C",1,0,0,0,-1,0,0,0,0,0,0,0,0,0,0,1,0,"17:22",60
